-- phpMyAdmin SQL Dump
-- version 4.7.4
-- https://www.phpmyadmin.net/
--
-- Máy chủ: 127.0.0.1
-- Thời gian đã tạo: Th5 10, 2018 lúc 11:09 AM
-- Phiên bản máy phục vụ: 10.1.26-MariaDB
-- Phiên bản PHP: 7.1.9

SET SQL_MODE = "NO_AUTO_VALUE_ON_ZERO";
SET AUTOCOMMIT = 0;
START TRANSACTION;
SET time_zone = "+00:00";


/*!40101 SET @OLD_CHARACTER_SET_CLIENT=@@CHARACTER_SET_CLIENT */;
/*!40101 SET @OLD_CHARACTER_SET_RESULTS=@@CHARACTER_SET_RESULTS */;
/*!40101 SET @OLD_COLLATION_CONNECTION=@@COLLATION_CONNECTION */;
/*!40101 SET NAMES utf8mb4 */;

--
-- Cơ sở dữ liệu: `quiz`
--

-- --------------------------------------------------------

--
-- Cấu trúc bảng cho bảng `answers`
--

CREATE TABLE `answers` (
  `id` int(10) UNSIGNED NOT NULL,
  `content` mediumtext NOT NULL,
  `question_id` int(10) UNSIGNED NOT NULL,
  `created_at` timestamp NULL DEFAULT NULL,
  `updated_at` timestamp NULL DEFAULT NULL
) ENGINE=InnoDB DEFAULT CHARSET=utf8;

--
-- Đang đổ dữ liệu cho bảng `answers`
--

INSERT INTO `answers` (`id`, `content`, `question_id`, `created_at`, `updated_at`) VALUES
(175, 'Hypertext Preprocessor Protocol', 47, '2018-03-22 01:33:33', '2018-03-22 01:33:33'),
(176, 'Hypertext Make Long', 47, '2018-03-22 01:33:33', '2018-03-22 01:33:33'),
(177, 'Hypertext Preprocessor', 47, '2018-03-22 01:33:33', '2018-03-22 01:33:33'),
(178, 'Hypertext', 47, '2018-03-22 01:33:33', '2018-03-22 01:33:33'),
(183, 'Hai nghiệm phân biệt đều dương', 48, '2018-03-22 01:58:46', '2018-03-22 01:58:46'),
(184, 'Hai nghiệm phân biệt đều âm', 48, '2018-03-22 01:58:46', '2018-03-22 01:58:46'),
(185, 'Hai nghiệm trái dấu', 48, '2018-03-22 01:58:46', '2018-03-22 01:58:46'),
(186, 'Hai nghiệm cùng dấu', 48, '2018-03-22 01:58:46', '2018-03-22 01:58:46'),
(191, 'Xuân Diệu', 32, '2018-03-26 18:09:40', '2018-03-26 18:09:40'),
(192, 'Nguyễn Trãi', 32, '2018-03-26 18:09:41', '2018-03-26 18:09:41'),
(193, 'Tố Hữu', 32, '2018-03-26 18:09:41', '2018-03-26 18:09:41'),
(194, 'Nguyễn Khuyến', 32, '2018-03-26 18:09:41', '2018-04-11 21:12:13'),
(195, 'Kim Đồng', 50, '2018-03-28 03:36:29', '2018-03-28 03:36:29'),
(196, 'Chính tác giả', 50, '2018-03-28 03:36:29', '2018-03-28 03:36:29'),
(197, 'Cô bé quàng khăn đỏ', 50, '2018-03-28 03:36:29', '2018-03-28 03:36:29'),
(198, 'Anh bộ đội', 50, '2018-03-28 03:36:29', '2018-03-28 03:36:29'),
(200, 'Nguyễn Trãi', 49, '2018-04-05 02:41:31', '2018-04-11 21:13:55'),
(201, 'Nguyễn Đình Chiểu', 49, '2018-04-05 02:41:31', '2018-04-11 21:28:26'),
(202, 'Chế Lan Viên', 49, '2018-04-05 02:41:31', '2018-04-05 02:41:31'),
(203, 'buried', 51, '2018-04-05 08:32:33', '2018-04-05 08:32:33'),
(204, 'busy', 51, '2018-04-05 08:32:34', '2018-04-05 08:32:34'),
(205, 'absorbed', 51, '2018-04-05 08:32:34', '2018-04-05 08:32:34'),
(206, 'helping', 51, '2018-04-05 08:32:34', '2018-04-05 08:32:34'),
(211, 'take', 52, '2018-04-05 08:33:35', '2018-04-05 08:33:35'),
(212, 'except', 52, '2018-04-05 08:33:35', '2018-04-05 08:33:35'),
(213, 'agree', 52, '2018-04-05 08:33:35', '2018-04-05 08:33:35'),
(214, 'accept', 52, '2018-04-05 08:33:35', '2018-04-05 08:33:35'),
(215, 'Following', 53, '2018-04-05 08:34:36', '2018-04-05 08:34:36'),
(216, 'According to', 53, '2018-04-05 08:34:36', '2018-04-05 08:34:36'),
(217, 'Hearing', 53, '2018-04-05 08:34:36', '2018-04-05 08:34:36'),
(218, 'meaning', 53, '2018-04-05 08:34:36', '2018-04-05 08:34:36'),
(219, 'nevertheless', 54, '2018-04-05 08:35:29', '2018-04-05 08:35:29'),
(220, 'accordingly', 54, '2018-04-05 08:35:29', '2018-04-05 08:35:29'),
(221, 'yet', 54, '2018-04-05 08:35:29', '2018-04-05 08:35:29'),
(222, 'eventually', 54, '2018-04-05 08:35:29', '2018-04-05 08:35:29'),
(223, 'account', 55, '2018-04-05 08:36:25', '2018-04-05 08:36:25'),
(224, 'tale', 55, '2018-04-05 08:36:26', '2018-04-05 08:36:26'),
(225, 'communication', 55, '2018-04-05 08:36:26', '2018-04-05 08:36:26'),
(226, 'plot', 55, '2018-04-05 08:36:26', '2018-04-05 08:36:26'),
(227, 'possession', 56, '2018-04-05 08:37:14', '2018-04-05 08:37:14'),
(228, 'account', 56, '2018-04-05 08:37:14', '2018-04-05 08:37:14'),
(229, 'mind', 56, '2018-04-05 08:37:14', '2018-04-05 08:37:14'),
(230, 'scale', 56, '2018-04-05 08:37:14', '2018-04-05 08:37:14'),
(231, 'charged', 57, '2018-04-05 08:38:04', '2018-04-05 08:38:04'),
(232, 'accused', 57, '2018-04-05 08:38:04', '2018-04-05 08:38:04'),
(233, 'blamed', 57, '2018-04-05 08:38:04', '2018-04-05 08:38:04'),
(234, 'arrested', 57, '2018-04-05 08:38:05', '2018-04-05 08:38:05'),
(235, 'pain', 58, '2018-04-05 08:38:51', '2018-04-05 08:38:51'),
(236, 'harm', 58, '2018-04-05 08:38:51', '2018-04-05 08:38:51'),
(237, 'be hurt', 58, '2018-04-05 08:38:51', '2018-04-05 08:38:51'),
(238, 'ache', 58, '2018-04-05 08:38:51', '2018-04-05 08:38:51'),
(239, 'add', 59, '2018-04-05 08:39:44', '2018-04-05 08:39:44'),
(240, 'combine', 59, '2018-04-05 08:39:44', '2018-04-05 08:39:44'),
(241, 'unite', 59, '2018-04-05 08:39:45', '2018-04-05 08:39:45'),
(242, 'bank', 59, '2018-04-05 08:39:45', '2018-04-05 08:39:45'),
(243, 'energy', 60, '2018-04-05 08:40:36', '2018-04-05 08:40:36'),
(244, 'admiration', 60, '2018-04-05 08:40:36', '2018-04-05 08:40:36'),
(245, 'surprise', 60, '2018-04-05 08:40:36', '2018-04-05 08:40:36'),
(246, 'pride', 60, '2018-04-05 08:40:36', '2018-04-05 08:40:36'),
(247, 'twice as many', 61, '2018-04-05 08:58:06', '2018-04-05 08:58:06'),
(248, 'as twice as many', 61, '2018-04-05 08:58:06', '2018-04-05 08:58:06'),
(249, 'as twice many', 61, '2018-04-05 08:58:06', '2018-04-05 08:58:06'),
(250, 'as many as twice', 61, '2018-04-05 08:58:06', '2018-04-05 08:58:06'),
(251, 'keep', 62, '2018-04-05 08:58:56', '2018-04-05 08:58:56'),
(252, 'catch', 62, '2018-04-05 08:58:56', '2018-04-05 08:58:56'),
(253, 'face', 62, '2018-04-05 08:58:56', '2018-04-05 08:58:56'),
(254, 'put', 62, '2018-04-05 08:58:56', '2018-04-05 08:58:56'),
(255, 'wouldn\'t have been sacked', 63, '2018-04-05 08:59:47', '2018-04-05 08:59:47'),
(256, 'wouldn\'t have sacked', 63, '2018-04-05 08:59:47', '2018-04-05 08:59:47'),
(257, 'wouldn\'t sack', 63, '2018-04-05 08:59:47', '2018-04-05 08:59:47'),
(258, 'wouldn\'t be sacked', 63, '2018-04-05 08:59:47', '2018-04-05 08:59:47'),
(259, 'one', 64, '2018-04-05 09:00:32', '2018-04-05 09:00:32'),
(260, 'way', 64, '2018-04-05 09:00:32', '2018-04-05 09:00:32'),
(261, 'skill', 64, '2018-04-05 09:00:32', '2018-04-05 09:00:32'),
(262, 'job', 64, '2018-04-05 09:00:32', '2018-04-05 09:00:32'),
(263, 'natured', 65, '2018-04-05 09:01:17', '2018-04-05 09:01:17'),
(264, 'naturally', 65, '2018-04-05 09:01:18', '2018-04-05 09:01:18'),
(265, 'nature', 65, '2018-04-05 09:01:18', '2018-04-05 09:01:18'),
(266, 'natural', 65, '2018-04-05 09:01:18', '2018-04-05 09:01:18'),
(267, 'he must know about', 66, '2018-04-05 09:02:13', '2018-04-05 09:02:13'),
(268, 'that everyone know', 66, '2018-04-05 09:02:13', '2018-04-05 09:02:13'),
(269, 'we knew', 66, '2018-04-05 09:02:13', '2018-04-05 09:02:13'),
(270, 'that he knew', 66, '2018-04-05 09:02:13', '2018-04-05 09:02:13'),
(271, 'was rising', 67, '2018-04-05 09:03:04', '2018-04-05 09:03:04'),
(272, 'rises', 67, '2018-04-05 09:03:04', '2018-04-05 09:03:04'),
(273, 'rose', 67, '2018-04-05 09:03:04', '2018-04-05 09:03:04'),
(274, 'has risen', 67, '2018-04-05 09:03:04', '2018-04-05 09:03:04'),
(275, 'any country else', 68, '2018-04-05 09:03:50', '2018-04-05 09:03:50'),
(276, 'any countries else', 68, '2018-04-05 09:03:50', '2018-04-05 09:03:50'),
(277, 'any other countries', 68, '2018-04-05 09:03:50', '2018-04-05 09:03:50'),
(278, 'any another country', 68, '2018-04-05 09:03:50', '2018-04-05 09:03:50'),
(279, 'not leaving', 69, '2018-04-05 09:04:47', '2018-04-05 09:04:47'),
(280, 'won\'t leave', 69, '2018-04-05 09:04:47', '2018-04-05 09:04:47'),
(281, 'not to leave', 69, '2018-04-05 09:04:47', '2018-04-05 09:04:47'),
(282, 'don\'t leave', 69, '2018-04-05 09:04:47', '2018-04-05 09:04:47'),
(283, 'has walked', 70, '2018-04-05 09:05:39', '2018-04-05 09:05:39'),
(284, 'walking', 70, '2018-04-05 09:05:39', '2018-04-05 09:05:39'),
(285, 'walked', 70, '2018-04-05 09:05:39', '2018-04-05 09:05:39'),
(286, 'to walk', 70, '2018-04-05 09:05:39', '2018-04-05 09:05:39'),
(335, 'is serving', 73, '2018-04-05 09:28:35', '2018-04-05 09:28:35'),
(336, 'serves', 73, '2018-04-05 09:28:35', '2018-04-05 09:28:35'),
(337, 'is being served', 73, '2018-04-05 09:28:36', '2018-04-05 09:28:36'),
(338, 'served', 73, '2018-04-05 09:28:36', '2018-04-05 09:28:36'),
(339, 'has been convicted', 74, '2018-04-05 09:28:45', '2018-04-05 09:28:45'),
(340, 'has been convicting', 74, '2018-04-05 09:28:45', '2018-04-05 09:28:45'),
(341, 'has convicted', 74, '2018-04-05 09:28:45', '2018-04-05 09:28:45'),
(342, 'convicted', 74, '2018-04-05 09:28:45', '2018-04-05 09:28:45'),
(343, 'have been bringing', 75, '2018-04-05 09:28:56', '2018-04-05 09:28:56'),
(344, 'bringing', 75, '2018-04-05 09:28:56', '2018-04-05 09:28:56'),
(345, 'have been brought', 75, '2018-04-05 09:28:56', '2018-04-05 09:28:56'),
(346, 'to bring', 75, '2018-04-05 09:28:56', '2018-04-05 09:28:56'),
(347, 'destroy', 76, '2018-04-05 09:29:24', '2018-04-05 09:29:24'),
(348, 'is destroyed', 76, '2018-04-05 09:29:24', '2018-04-05 09:29:24'),
(349, 'was destroyed', 76, '2018-04-05 09:29:24', '2018-04-05 09:29:24'),
(350, 'destroyed', 76, '2018-04-05 09:29:24', '2018-04-05 09:29:24'),
(351, 'hasn\'t seen', 78, '2018-04-05 09:29:35', '2018-04-05 09:29:35'),
(352, 'didn\'t see', 78, '2018-04-05 09:29:36', '2018-04-05 09:29:36'),
(353, 'hasn\'t been seeing', 78, '2018-04-05 09:29:36', '2018-04-05 09:29:36'),
(354, 'hasn\'t been seen', 78, '2018-04-05 09:29:36', '2018-04-05 09:29:36'),
(355, 'has been dancing', 79, '2018-04-05 09:29:44', '2018-04-05 09:29:44'),
(356, 'has been danced', 79, '2018-04-05 09:29:44', '2018-04-05 09:29:44'),
(357, 'is dancing', 79, '2018-04-05 09:29:44', '2018-04-05 09:29:44'),
(358, 'was danced', 79, '2018-04-05 09:29:44', '2018-04-05 09:29:44'),
(359, 'is made', 80, '2018-04-05 09:31:35', '2018-04-05 09:31:35'),
(360, 'has made', 80, '2018-04-05 09:31:35', '2018-04-05 09:31:35'),
(361, 'made', 80, '2018-04-05 09:31:35', '2018-04-05 09:31:35'),
(362, 'was made', 80, '2018-04-05 09:31:35', '2018-04-05 09:31:35'),
(363, 'were painted', 81, '2018-04-05 09:34:10', '2018-04-05 09:34:10'),
(364, 'were paint', 81, '2018-04-05 09:34:10', '2018-04-05 09:34:10'),
(365, 'were painting', 81, '2018-04-05 09:34:11', '2018-04-05 09:34:11'),
(366, 'painted', 81, '2018-04-05 09:34:11', '2018-04-05 09:34:11'),
(367, 'have', 82, '2018-04-05 09:36:52', '2018-04-05 09:36:52'),
(368, 'would have', 82, '2018-04-05 09:36:52', '2018-04-05 09:36:52'),
(369, 'had had', 82, '2018-04-05 09:36:52', '2018-04-05 09:36:52'),
(370, 'should have', 82, '2018-04-05 09:36:52', '2018-04-05 09:36:52'),
(371, 'would have visited', 83, '2018-04-05 09:38:04', '2018-04-05 09:38:04'),
(372, 'visited', 83, '2018-04-05 09:38:05', '2018-04-05 09:38:05'),
(373, 'had visited', 83, '2018-04-05 09:38:05', '2018-04-05 09:38:05'),
(374, 'visit', 83, '2018-04-05 09:38:05', '2018-04-05 09:38:05'),
(375, 'needed', 84, '2018-04-05 09:39:06', '2018-04-05 09:39:06'),
(376, 'should I need', 84, '2018-04-05 09:39:06', '2018-04-05 09:39:06'),
(377, 'I have needed', 84, '2018-04-05 09:39:06', '2018-04-05 09:39:06'),
(378, 'I should need', 84, '2018-04-05 09:39:06', '2018-04-05 09:39:06'),
(379, 'had I known', 85, '2018-04-05 09:40:04', '2018-04-05 09:40:04'),
(380, 'did I know', 85, '2018-04-05 09:40:04', '2018-04-05 09:40:04'),
(381, 'If I know', 85, '2018-04-05 09:40:04', '2018-04-05 09:40:04'),
(382, 'If I would know', 85, '2018-04-05 09:40:04', '2018-04-05 09:40:04'),
(383, 'spoke', 86, '2018-04-05 09:40:46', '2018-04-05 09:40:46'),
(384, 'speak', 86, '2018-04-05 09:40:46', '2018-04-05 09:40:46'),
(385, 'had spoken', 86, '2018-04-05 09:40:46', '2018-04-05 09:40:46'),
(386, 'will speak', 86, '2018-04-05 09:40:46', '2018-04-05 09:40:46'),
(387, 'was catching', 71, '2018-04-06 08:03:52', '2018-04-06 08:03:52'),
(388, 'caught', 71, '2018-04-06 08:03:52', '2018-04-06 08:03:52'),
(389, 'was caught', 71, '2018-04-06 08:03:52', '2018-04-06 08:03:52'),
(390, 'catch', 71, '2018-04-06 08:03:52', '2018-04-06 08:03:52'),
(395, 'been found', 77, '2018-04-06 08:10:07', '2018-04-06 08:10:07'),
(396, 'to find', 77, '2018-04-06 08:10:07', '2018-04-06 08:10:07'),
(397, 'found', 77, '2018-04-06 08:10:07', '2018-04-06 08:10:07'),
(398, 'being found', 77, '2018-04-06 08:10:07', '2018-04-06 08:10:07'),
(399, 'Với mỗi lực tác dụng đều có một phản lực trực đối', 87, '2018-04-06 19:56:59', '2018-04-06 19:56:59'),
(400, 'Vật giữ nguyên trạng thái đứng yên hoặc chuyển động thẳng đều khi nó không chịu tác dụng của bất cứ vật nào khác.', 87, '2018-04-06 19:56:59', '2018-04-06 19:56:59'),
(401, 'Khi hợp lực tác dụng lên một vật bằng không thì vật không thể chuyển động được.', 87, '2018-04-06 19:56:59', '2018-04-06 19:56:59'),
(402, 'Do quán tính nên mọi vật đang chuyển động đều có xu hướng dừng lại.', 87, '2018-04-06 19:56:59', '2018-04-06 19:56:59'),
(403, 'Tăng lên.', 88, '2018-04-06 20:12:36', '2018-04-06 20:12:36'),
(404, 'Giảm đi.', 88, '2018-04-06 20:12:36', '2018-04-06 20:12:36'),
(405, 'Không thay đổi.', 88, '2018-04-06 20:12:36', '2018-04-06 20:12:36'),
(406, 'Bằng 0.', 88, '2018-04-06 20:12:36', '2018-04-06 20:12:36'),
(407, 'Gia tốc của vật bằng không.', 89, '2018-04-06 20:16:23', '2018-04-06 20:16:23'),
(408, 'Hợp lực tác dụng lên vật bằng không.', 89, '2018-04-06 20:16:23', '2018-04-06 20:16:23'),
(409, 'Gia tốc của vật khác không', 89, '2018-04-06 20:16:23', '2018-04-06 20:16:23'),
(410, 'Vận tốc trung bình có giá trị bằng vận tốc tức thời tại bất kỳ thời điểm nào.', 89, '2018-04-06 20:16:23', '2018-04-06 20:16:23'),
(411, 'Gia tốc của vật tăng lên hai lần.', 90, '2018-04-06 20:17:54', '2018-04-06 20:17:54'),
(412, 'Gia tốc của vật giảm đi hai lần.', 90, '2018-04-06 20:17:54', '2018-04-06 20:17:54'),
(413, 'Gia tốc vật tăng lên bốn lần.', 90, '2018-04-06 20:17:55', '2018-04-06 20:17:55'),
(414, 'Gia tốc vật không đổi.', 90, '2018-04-06 20:17:55', '2018-04-06 20:17:55'),
(415, 'Lực tác dụng ban đầu.', 91, '2018-04-06 20:18:59', '2018-04-06 20:18:59'),
(416, 'Phản lực.', 91, '2018-04-06 20:18:59', '2018-04-06 20:18:59'),
(417, 'Lực ma sát.', 91, '2018-04-06 20:18:59', '2018-04-06 20:18:59'),
(418, 'Quán tính.', 91, '2018-04-06 20:19:00', '2018-04-06 20:19:00'),
(419, 'Đường thẳng.', 92, '2018-04-06 20:20:31', '2018-04-06 20:20:31'),
(420, 'Đường tròn.', 92, '2018-04-06 20:20:31', '2018-04-06 20:20:31'),
(421, 'Đường gấp khúc.', 92, '2018-04-06 20:20:31', '2018-04-06 20:20:31'),
(422, 'Đường parapol', 92, '2018-04-06 20:20:31', '2018-04-06 20:20:31'),
(427, 'Lực mà ngựa tác dụng vào xe', 93, '2018-04-06 20:22:37', '2018-04-06 20:22:37'),
(428, 'Lực mà xe tác dụng vào ngựa.', 93, '2018-04-06 20:22:37', '2018-04-06 20:22:37'),
(429, 'Lực mà ngựa tác dụng vào mặt đất.', 93, '2018-04-06 20:22:37', '2018-04-06 20:22:37'),
(430, 'Lực mà mặt đất tác dụng vào ngựa.', 93, '2018-04-06 20:22:37', '2018-04-06 20:22:37'),
(431, '-1,5kgm/s.', 94, '2018-04-06 20:28:18', '2018-04-06 20:28:18'),
(432, '1,5kgm/s.', 94, '2018-04-06 20:28:18', '2018-04-06 20:28:18'),
(433, '3kgm/s.', 94, '2018-04-06 20:28:18', '2018-04-06 20:28:18'),
(434, '-3kgm/s.', 94, '2018-04-06 20:28:18', '2018-04-06 20:28:18'),
(435, '1m/s', 95, '2018-04-06 20:29:53', '2018-04-06 20:29:53'),
(436, '2m/s', 95, '2018-04-06 20:29:53', '2018-04-06 20:29:53'),
(437, '3m/s', 95, '2018-04-06 20:29:53', '2018-04-06 20:29:53'),
(438, '4m/s', 95, '2018-04-06 20:29:53', '2018-04-06 20:29:53'),
(439, 'Sự va chạm của mặt vợt cầu lông vào quả cầu lông', 96, '2018-04-06 20:31:22', '2018-04-06 20:31:22'),
(440, 'Bắn một đầu đạn vào một bị cát.', 96, '2018-04-06 20:31:22', '2018-04-06 20:31:22'),
(441, 'Bắn một hòn bi-a vào một hòn bi-a khác.', 96, '2018-04-06 20:31:22', '2018-04-06 20:31:22'),
(442, 'Ném một cục đất sét vào tường.', 96, '2018-04-06 20:31:22', '2018-04-06 20:31:22'),
(443, 'Công của trọng lực đặt vào vật bằng 0', 97, '2018-04-06 20:32:37', '2018-04-06 20:32:37'),
(444, 'Công của lực ma sát đặt vào vật bằng 0', 97, '2018-04-06 20:32:37', '2018-04-06 20:32:37'),
(445, 'Xung lượng của lực ma sát đặt vào vật bằng 0', 97, '2018-04-06 20:32:38', '2018-04-06 20:32:38'),
(446, 'Xung lượng của trọng lực đặt vào vật bằng 0', 97, '2018-04-06 20:32:38', '2018-04-06 20:32:38'),
(451, '2 vật có khối lượng và vận tốc được chọn một cách thích hợp va chạm với nhau', 98, '2018-04-06 20:34:17', '2018-04-06 20:34:17'),
(452, 'Một vật khối lượng rất nhỏ đang chuyển động va chạm với một vật có khối lượng rất lớn đang đứng yên.', 98, '2018-04-06 20:34:18', '2018-04-06 20:34:18'),
(453, '2 vật có khối lượng bằng nhau,chuyển động ngược chiều nhau với cùng một vận tốc.', 98, '2018-04-06 20:34:18', '2018-04-06 20:34:18'),
(454, 'Không thể xảy ra hiện tượng này.', 98, '2018-04-06 20:34:18', '2018-04-06 20:34:18'),
(455, 'Động lượng là một đại lượng động lực học liên quan đến tương tác,va chạm giữa các vật', 99, '2018-04-06 20:37:08', '2018-04-06 20:37:08'),
(456, 'Động lượng đặc trưng cho sự truyền chuyển động giữa các vật tương tác', 99, '2018-04-06 20:37:08', '2018-04-06 20:37:08'),
(457, 'Động lượng tỷ lệ thuận với khối lượng và tốc độ của vật', 99, '2018-04-06 20:37:08', '2018-04-06 20:37:08'),
(458, 'Động lượng là một đại lượng véc tơ ,được tính bằng tích của khối lượng với véctơ vận tốc.', 99, '2018-04-06 20:37:08', '2018-04-06 20:37:08'),
(459, '1750 N', 100, '2018-04-06 20:38:22', '2018-04-06 20:38:22'),
(460, '17,5 N', 100, '2018-04-06 20:38:22', '2018-04-06 20:38:22'),
(461, '175 N', 100, '2018-04-06 20:38:22', '2018-04-06 20:38:22'),
(462, '1.75 N', 100, '2018-04-06 20:38:22', '2018-04-06 20:38:22'),
(463, 'V1=1,5 m/s ;V2=1,5 m/s.', 101, '2018-04-06 20:40:07', '2018-04-06 20:40:07'),
(464, 'V1=9 m/s;V2=9m/s', 101, '2018-04-06 20:40:07', '2018-04-06 20:40:07'),
(465, 'V1=6 m/s;V2=6m/s', 101, '2018-04-06 20:40:07', '2018-04-06 20:40:07'),
(466, 'V1=3 m/s;V2=3m/s.', 101, '2018-04-06 20:40:07', '2018-04-06 20:40:07'),
(467, '60J', 102, '2018-04-06 20:41:56', '2018-04-06 20:41:56'),
(468, '20J', 102, '2018-04-06 20:41:56', '2018-04-06 20:41:56'),
(469, '140J', 102, '2018-04-06 20:41:56', '2018-04-06 20:41:56'),
(470, '100J', 102, '2018-04-06 20:41:56', '2018-04-06 20:41:56'),
(483, '(1;1)', 104, '2018-04-06 20:50:44', '2018-04-06 20:50:44'),
(484, '(0;1)', 104, '2018-04-06 20:50:44', '2018-04-06 20:50:44'),
(485, '(0;3)', 104, '2018-04-06 20:50:44', '2018-04-06 20:50:44'),
(486, '(2;-1)', 104, '2018-04-06 20:50:44', '2018-04-06 20:50:44'),
(487, '(-3;2)', 105, '2018-04-06 20:51:53', '2018-04-06 20:51:53'),
(488, '(1;1)', 105, '2018-04-06 20:51:54', '2018-04-06 20:51:54'),
(489, '(3;2)', 105, '2018-04-06 20:51:54', '2018-04-06 20:51:54'),
(490, '(3;-2)', 105, '2018-04-06 20:51:54', '2018-04-06 20:51:54'),
(491, '10', 106, '2018-04-06 20:56:38', '2018-04-06 20:56:38'),
(492, '11', 106, '2018-04-06 20:56:38', '2018-04-06 20:56:38'),
(493, '12', 106, '2018-04-06 20:56:38', '2018-04-06 20:56:38'),
(494, '13', 106, '2018-04-06 20:56:38', '2018-04-06 20:56:38'),
(499, '(3;1)', 103, '2018-04-06 21:01:02', '2018-04-06 21:01:02'),
(500, '(1;3)', 103, '2018-04-06 21:01:02', '2018-04-06 21:01:02'),
(501, '(1;2)', 103, '2018-04-06 21:01:02', '2018-04-06 21:01:02'),
(502, '(2;1)', 103, '2018-04-06 21:01:02', '2018-04-06 21:01:02'),
(503, 'S = { -1 ; 1 }', 107, '2018-04-06 21:01:54', '2018-04-06 21:01:54'),
(504, 'S = { -1 }', 107, '2018-04-06 21:01:54', '2018-04-06 21:01:54'),
(505, 'S = { 1 }', 107, '2018-04-06 21:01:54', '2018-04-06 21:01:54'),
(506, 'S = { 0}', 107, '2018-04-06 21:01:54', '2018-04-06 21:01:54'),
(507, 'title', 108, '2018-04-07 01:15:16', '2018-04-07 01:15:16'),
(508, 'alt', 108, '2018-04-07 01:15:16', '2018-04-07 01:15:16'),
(509, 'src', 108, '2018-04-07 01:15:17', '2018-04-07 01:15:17'),
(510, 'longdesc', 108, '2018-04-07 01:15:17', '2018-04-07 01:15:17'),
(511, '<body style=\"background-image:url(background.gif)\">', 109, '2018-04-07 01:16:52', '2018-04-07 01:16:52'),
(512, '<background img=\"background.gif\">', 109, '2018-04-07 01:16:52', '2018-04-07 01:16:52'),
(513, '<body bg=\"background.gif\">', 109, '2018-04-07 01:16:52', '2018-04-07 01:16:52'),
(514, '<body style=\"background.gif\">', 109, '2018-04-07 01:16:52', '2018-04-07 01:16:52'),
(515, '<italic>', 110, '2018-04-07 01:18:28', '2018-04-07 01:18:28'),
(516, '<i>', 110, '2018-04-07 01:18:28', '2018-04-07 01:18:28'),
(517, '<em>', 110, '2018-04-07 01:18:28', '2018-04-07 01:18:28'),
(518, '<b>', 110, '2018-04-07 01:18:28', '2018-04-07 01:18:28'),
(519, 'Google', 111, '2018-04-07 01:19:32', '2018-04-07 01:19:32'),
(520, 'Mozilla', 111, '2018-04-07 01:19:32', '2018-04-07 01:19:32'),
(521, 'Microsoft', 111, '2018-04-07 01:19:32', '2018-04-07 01:19:32'),
(522, 'Tổ chức World Wide Web Consortium(W3C)', 111, '2018-04-07 01:19:32', '2018-04-07 01:19:32'),
(523, 'Tạo một ô text để nhập dữ liệu 1 dòng', 112, '2018-04-07 01:20:28', '2018-04-07 01:20:28'),
(524, 'Tạo một textbox cho phép nhập liệu nhiều dòng', 112, '2018-04-07 01:20:28', '2018-04-07 01:20:28'),
(525, 'Tạo một ô nhập mật khẩu', 112, '2018-04-07 01:20:28', '2018-04-07 01:20:28'),
(526, 'Tất cả các ý trên', 112, '2018-04-07 01:20:29', '2018-04-07 01:20:29'),
(527, '<select>', 113, '2018-04-07 01:22:05', '2018-04-07 01:22:05'),
(528, '<list>', 113, '2018-04-07 01:22:05', '2018-04-07 01:22:05'),
(529, '<input type=\"dropdown\">', 113, '2018-04-07 01:22:05', '2018-04-07 01:22:05'),
(530, '<input type=\"list\">', 113, '2018-04-07 01:22:05', '2018-04-07 01:22:05'),
(531, '<', 114, '2018-04-07 01:23:01', '2018-04-07 01:23:01'),
(532, '/', 114, '2018-04-07 01:23:02', '2018-04-07 01:23:02'),
(533, '^', 114, '2018-04-07 01:23:02', '2018-04-07 01:23:02'),
(534, '*', 114, '2018-04-07 01:23:02', '2018-04-07 01:23:02'),
(535, '<b>', 115, '2018-04-07 01:23:50', '2018-04-07 01:23:50'),
(536, '<i>', 115, '2018-04-07 01:23:50', '2018-04-07 01:23:50'),
(537, '<strong>', 115, '2018-04-07 01:23:50', '2018-04-07 01:23:50'),
(538, '<important>', 115, '2018-04-07 01:23:51', '2018-04-07 01:23:51'),
(539, '<td valign=\"left\">', 116, '2018-04-07 01:24:47', '2018-04-07 01:24:47'),
(540, '<tdleft>', 116, '2018-04-07 01:24:47', '2018-04-07 01:24:47'),
(541, '<td align=\"left\">', 116, '2018-04-07 01:24:47', '2018-04-07 01:24:47'),
(542, '<td leftalign>', 116, '2018-04-07 01:24:47', '2018-04-07 01:24:47'),
(543, '<a href=\"url\" new>', 117, '2018-04-07 01:26:02', '2018-04-07 01:26:02'),
(544, '<a href=\"url\" target=\"_blank\">', 117, '2018-04-07 01:26:02', '2018-04-07 01:26:02'),
(545, '<a href=\"url\" target=\"new\">', 117, '2018-04-07 01:26:02', '2018-04-07 01:26:02'),
(546, '<a href=\"url\" alt=\"new\">', 117, '2018-04-07 01:26:02', '2018-04-07 01:26:02'),
(547, 'Client', 118, '2018-04-07 01:34:53', '2018-04-07 01:34:53'),
(548, 'Server', 118, '2018-04-07 01:34:53', '2018-04-07 01:34:53'),
(549, 'Server/Client', 118, '2018-04-07 01:34:53', '2018-04-07 01:34:53'),
(550, 'Không có dạng nào', 118, '2018-04-07 01:34:53', '2018-04-07 01:34:53'),
(551, 'Thông dịch', 119, '2018-04-07 01:35:54', '2018-04-07 01:35:54'),
(552, 'Biên dịch', 119, '2018-04-07 01:35:54', '2018-04-07 01:35:54'),
(553, 'Cả 2 dạng', 119, '2018-04-07 01:35:54', '2018-04-07 01:35:54'),
(554, 'Không ở dạng nào cả', 119, '2018-04-07 01:35:54', '2018-04-07 01:35:54'),
(555, 'Viết riêng một trang', 120, '2018-04-07 01:36:52', '2018-04-07 01:36:52'),
(556, 'Viết chung với HTML', 120, '2018-04-07 01:36:52', '2018-04-07 01:36:52'),
(557, 'Cả hai dạng', 120, '2018-04-07 01:36:52', '2018-04-07 01:36:52'),
(558, 'Không có dạng nào.', 120, '2018-04-07 01:36:52', '2018-04-07 01:36:52'),
(559, 'Không dấu được vì các kịch bản chạy ở client.', 121, '2018-04-07 01:38:35', '2018-04-07 01:38:35'),
(560, 'Dấu được vì chương trình hoạt động độc lập với trình duyệt', 121, '2018-04-07 01:38:36', '2018-04-07 01:38:36'),
(561, 'Hai phát biểu đều sai.', 121, '2018-04-07 01:38:36', '2018-04-07 01:38:36'),
(562, 'Cả 2 phát biểu đều đúng', 121, '2018-04-07 01:38:36', '2018-04-07 01:38:36'),
(563, '<script> …</script>', 122, '2018-04-07 01:39:17', '2018-04-07 01:39:17'),
(564, '<Javascript> …<Javascript>', 122, '2018-04-07 01:39:17', '2018-04-07 01:39:17'),
(565, '<java>   </java>', 122, '2018-04-07 01:39:17', '2018-04-07 01:39:17'),
(566, 'Tất cả các dạng trên', 122, '2018-04-07 01:39:17', '2018-04-07 01:39:17'),
(567, 'Number, String, Boolean', 123, '2018-04-07 01:40:12', '2018-04-07 01:40:12'),
(568, 'Number, Integer, char', 123, '2018-04-07 01:40:12', '2018-04-07 01:40:12'),
(569, 'Number, String, Boolean, Null', 123, '2018-04-07 01:40:12', '2018-04-07 01:40:12'),
(570, 'Tất cả các loại trên.', 123, '2018-04-07 01:40:12', '2018-04-07 01:40:12'),
(571, 'Khi bắt đầu chương trình chạy', 124, '2018-04-07 01:41:06', '2018-04-07 01:41:06'),
(572, 'Khi click chuột', 124, '2018-04-07 01:41:06', '2018-04-07 01:41:06'),
(573, 'Khi kết thúc một chương trình', 124, '2018-04-07 01:41:06', '2018-04-07 01:41:06'),
(574, 'Khi di chuyển chuột qua.', 124, '2018-04-07 01:41:06', '2018-04-07 01:41:06'),
(575, 'Khi một đối tượng trong form mất focus.', 125, '2018-04-07 01:41:59', '2018-04-07 01:41:59'),
(576, 'Khi một đối tượng trong form có focus', 125, '2018-04-07 01:41:59', '2018-04-07 01:41:59'),
(577, 'Khi di chuyển con chuột qua một đối tượng trong form.', 125, '2018-04-07 01:41:59', '2018-04-07 01:41:59'),
(578, 'Khi click chuột vào nút lệnh', 125, '2018-04-07 01:41:59', '2018-04-07 01:41:59'),
(579, 'for ( biến = Giá trị đầu; Điều kiện; Giá trị tăng)', 126, '2018-04-07 01:43:27', '2018-04-07 01:43:27'),
(580, 'for ( biến = Giá trị đầu; Giá trị tăng; điều kiện)', 126, '2018-04-07 01:43:27', '2018-04-07 01:43:27'),
(581, 'for ( biến = Điều kiện; Giá trị tăng; Giá trị cuối)', 126, '2018-04-07 01:43:28', '2018-04-07 01:43:28'),
(582, 'Tất cả các dạng trên.', 126, '2018-04-07 01:43:28', '2018-04-07 01:43:28'),
(583, 'Khi một đối tượng trong form mất focus', 127, '2018-04-07 01:45:37', '2018-04-07 01:45:37'),
(584, 'Khi một đối tượng trong form có focus', 127, '2018-04-07 01:45:38', '2018-04-07 01:45:38'),
(585, 'Khi di chuyển con chuột qua form.', 127, '2018-04-07 01:45:38', '2018-04-07 01:45:38'),
(586, 'Khi click chuột vào nút lệnh', 127, '2018-04-07 01:45:38', '2018-04-07 01:45:38'),
(587, 'Creative Style Sheets', 128, '2018-04-07 01:49:48', '2018-04-07 01:49:48'),
(588, 'Computer Style Sheets', 128, '2018-04-07 01:49:48', '2018-04-07 01:49:48'),
(589, 'Cascading Style Sheets', 128, '2018-04-07 01:49:48', '2018-04-07 01:49:48'),
(590, 'Colorful Style Sheets', 128, '2018-04-07 01:49:48', '2018-04-07 01:49:48'),
(591, 'Creative Style Sheets', 129, '2018-04-07 01:49:49', '2018-04-07 01:49:49'),
(592, 'Computer Style Sheets', 129, '2018-04-07 01:49:49', '2018-04-07 01:49:49'),
(593, 'Cascading Style Sheets', 129, '2018-04-07 01:49:49', '2018-04-07 01:49:49'),
(594, 'Colorful Style Sheets', 129, '2018-04-07 01:49:49', '2018-04-07 01:49:49'),
(595, '<style src=”mystyle.css”>', 130, '2018-04-07 01:50:55', '2018-04-07 01:50:55'),
(596, '<stylesheet>mystyle.css</stylesheet>', 130, '2018-04-07 01:50:55', '2018-04-07 01:50:55'),
(597, '<link rel=”stylesheet” type=”text/css” href=”mystyle.css”>', 130, '2018-04-07 01:50:55', '2018-04-07 01:50:55'),
(598, 'Tất cả đều đúng', 130, '2018-04-07 01:50:55', '2018-04-07 01:50:55'),
(599, 'Trong thẻ <body>', 131, '2018-04-07 01:51:50', '2018-04-07 01:51:50'),
(600, 'Trong thẻ <head>', 131, '2018-04-07 01:51:50', '2018-04-07 01:51:50'),
(601, 'Ở cuối file HTML', 131, '2018-04-07 01:51:50', '2018-04-07 01:51:50'),
(602, 'Ở đầu file HTML', 131, '2018-04-07 01:51:51', '2018-04-07 01:51:51'),
(603, 'Thiết lập khoảng cách thụt đầu dòng', 132, '2018-04-07 01:52:39', '2018-04-07 01:52:39'),
(604, 'Thiết lập chế độ canh văn bản', 132, '2018-04-07 01:52:39', '2018-04-07 01:52:39'),
(605, 'Thêm hiệu ứng đặc biệt cho văn bản', 132, '2018-04-07 01:52:39', '2018-04-07 01:52:39'),
(606, 'Tất cả đều sai', 132, '2018-04-07 01:52:39', '2018-04-07 01:52:39'),
(607, 'font', 133, '2018-04-07 01:53:34', '2018-04-07 01:53:34'),
(608, 'class', 133, '2018-04-07 01:53:34', '2018-04-07 01:53:34'),
(609, 'style', 133, '2018-04-07 01:53:34', '2018-04-07 01:53:34'),
(610, 'styles', 133, '2018-04-07 01:53:34', '2018-04-07 01:53:34'),
(611, 'body {color: black}', 134, '2018-04-07 01:54:29', '2018-04-07 01:54:29'),
(612, '{body;color:black}', 134, '2018-04-07 01:54:29', '2018-04-07 01:54:29'),
(613, 'body:color=black', 134, '2018-04-07 01:54:29', '2018-04-07 01:54:29'),
(614, '{body:color=black(body}', 134, '2018-04-07 01:54:29', '2018-04-07 01:54:29'),
(615, '/* this is a comment */', 135, '2018-04-07 01:55:24', '2018-04-07 01:55:24'),
(616, '// this is a comment //', 135, '2018-04-07 01:55:24', '2018-04-07 01:55:24'),
(617, '“this is a comment”', 135, '2018-04-07 01:55:24', '2018-04-07 01:55:24'),
(618, '// this is a comment', 135, '2018-04-07 01:55:24', '2018-04-07 01:55:24'),
(619, 'color:', 136, '2018-04-07 01:56:22', '2018-04-07 01:56:22'),
(620, 'bgcolor:', 136, '2018-04-07 01:56:22', '2018-04-07 01:56:22'),
(621, 'background-color:', 136, '2018-04-07 01:56:22', '2018-04-07 01:56:22'),
(622, 'Tất cả đều đúng', 136, '2018-04-07 01:56:22', '2018-04-07 01:56:22'),
(623, 'h1.all {background-color:#FFFFFF}', 137, '2018-04-07 01:57:17', '2018-04-07 01:57:17'),
(624, 'h1 {background-color:#FFFFFF}', 137, '2018-04-07 01:57:17', '2018-04-07 01:57:17'),
(625, 'all.h1 {background-color:#FFFFFF}', 137, '2018-04-07 01:57:17', '2018-04-07 01:57:17'),
(626, 'Tất cả đều đúng', 137, '2018-04-07 01:57:17', '2018-04-07 01:57:17'),
(627, 'text-color=', 138, '2018-04-07 01:58:28', '2018-04-07 01:58:28'),
(628, 'gcolor:', 138, '2018-04-07 01:58:28', '2018-04-07 01:58:28'),
(629, 'color:', 138, '2018-04-07 01:58:28', '2018-04-07 01:58:28'),
(630, 'text-color:', 138, '2018-04-07 01:58:28', '2018-04-07 01:58:28'),
(631, '1', 139, '2018-04-07 02:00:29', '2018-04-07 02:00:29'),
(632, '2', 139, '2018-04-07 02:00:29', '2018-04-07 02:00:29'),
(633, '3', 139, '2018-04-07 02:00:29', '2018-04-07 02:00:29'),
(634, 'Không có đáp án đúng', 139, '2018-04-07 02:00:29', '2018-04-07 02:00:29'),
(635, 'HELLO WORLD!', 140, '2018-04-07 02:01:44', '2018-04-07 02:01:44'),
(636, 'hello world!', 140, '2018-04-07 02:01:44', '2018-04-07 02:01:44'),
(637, 'hello wolrd', 140, '2018-04-07 02:01:44', '2018-04-07 02:01:44'),
(638, 'Không chạy được , báo lỗi', 140, '2018-04-07 02:01:44', '2018-04-07 02:01:44'),
(639, '/* commented code here */', 141, '2018-04-07 02:02:38', '2018-04-07 02:02:38'),
(640, '// you are handsome', 141, '2018-04-07 02:02:38', '2018-04-07 02:02:38'),
(641, '# you are gay', 141, '2018-04-07 02:02:38', '2018-04-07 02:02:38'),
(642, 'Tất cả các ý trên', 141, '2018-04-07 02:02:39', '2018-04-07 02:02:39'),
(643, 'none', 142, '2018-04-07 02:03:32', '2018-04-07 02:03:32'),
(644, 'null', 142, '2018-04-07 02:03:32', '2018-04-07 02:03:32'),
(645, 'nudef', 142, '2018-04-07 02:03:33', '2018-04-07 02:03:33'),
(646, 'Không có khái niệm như vậy trong PHP', 142, '2018-04-07 02:03:33', '2018-04-07 02:03:33'),
(647, '$$', 143, '2018-04-07 02:04:15', '2018-04-07 02:04:15'),
(648, '$', 143, '2018-04-07 02:04:15', '2018-04-07 02:04:15'),
(649, '@', 143, '2018-04-07 02:04:15', '2018-04-07 02:04:15'),
(650, '#', 143, '2018-04-07 02:04:15', '2018-04-07 02:04:15'),
(651, 'false', 144, '2018-04-07 02:05:20', '2018-04-07 02:05:20'),
(652, 'true', 144, '2018-04-07 02:05:20', '2018-04-07 02:05:20'),
(653, 'không có giá trị', 144, '2018-04-07 02:05:20', '2018-04-07 02:05:20'),
(654, 'Báo lỗi', 144, '2018-04-07 02:05:20', '2018-04-07 02:05:20'),
(655, 'const', 145, '2018-04-07 02:06:28', '2018-04-07 02:06:28'),
(656, 'constants', 145, '2018-04-07 02:06:28', '2018-04-07 02:06:28'),
(657, 'define', 145, '2018-04-07 02:06:28', '2018-04-07 02:06:28'),
(658, 'def', 145, '2018-04-07 02:06:29', '2018-04-07 02:06:29'),
(659, 'false', 146, '2018-04-07 02:07:21', '2018-04-07 02:07:21'),
(660, 'true', 146, '2018-04-07 02:07:21', '2018-04-07 02:07:21'),
(661, 'không có giá trị', 146, '2018-04-07 02:07:21', '2018-04-07 02:07:21'),
(662, 'Báo lỗi', 146, '2018-04-07 02:07:21', '2018-04-07 02:07:21'),
(663, '$a[1]', 147, '2018-04-07 02:08:36', '2018-04-07 02:08:36'),
(664, '$a[2]', 147, '2018-04-07 02:08:36', '2018-04-07 02:08:36'),
(665, '$a[3]', 147, '2018-04-07 02:08:36', '2018-04-07 02:08:36'),
(666, '$a[4]', 147, '2018-04-07 02:08:36', '2018-04-07 02:08:36'),
(667, 'Chuẩn bị đánh quân xâm lược', 150, '2018-04-11 21:46:15', '2018-04-11 21:46:15'),
(668, 'Trừng trị Kiều Công Tiễn làm phản', 150, '2018-04-11 21:46:15', '2018-04-11 21:46:15'),
(669, 'Mở rộng vùng kiểm soát', 150, '2018-04-11 21:46:15', '2018-04-11 21:46:15'),
(670, 'Ra gần quê', 150, '2018-04-11 21:46:15', '2018-04-11 21:46:15'),
(671, 'Thích thì xâm lược', 151, '2018-04-11 21:48:32', '2018-04-11 21:48:32'),
(672, 'Để trả thù thua trận', 151, '2018-04-11 21:48:32', '2018-04-11 21:48:32'),
(673, 'Mở rộng bờ cõi', 151, '2018-04-11 21:48:32', '2018-04-11 21:48:32'),
(674, 'Được Kiều Công Tiến cầu cứu mời gọi', 151, '2018-04-11 21:48:32', '2018-04-11 21:48:32'),
(675, '930', 152, '2018-04-11 21:51:19', '2018-04-11 21:51:19'),
(676, '938', 152, '2018-04-11 21:51:19', '2018-04-11 21:51:19'),
(677, '1000', 152, '2018-04-11 21:51:19', '2018-04-11 21:51:19'),
(678, '1010', 152, '2018-04-11 21:51:19', '2018-04-11 21:51:19'),
(679, 'Hạn chế sức mạnh kẻ thù', 153, '2018-04-12 00:15:27', '2018-04-12 00:15:27'),
(680, 'Để trừ kẻ thù sau lưng khi quân Nam Hán kéo vào', 153, '2018-04-12 00:15:27', '2018-04-12 00:15:27'),
(681, 'Tiêu hao quân địch', 153, '2018-04-12 00:15:27', '2018-04-12 00:15:27'),
(682, 'Chia rẽ lực lượng địch', 153, '2018-04-12 00:15:27', '2018-04-12 00:15:27'),
(683, 'Nơi đây là nơi ông xưng vương', 154, '2018-04-12 00:16:24', '2018-04-12 00:16:24'),
(684, 'Mang tính chất thờ cúng tổ tiên', 154, '2018-04-12 00:16:24', '2018-04-12 00:16:24'),
(685, 'Ghi nhớ công ơn của ông', 154, '2018-04-12 00:16:24', '2018-04-12 00:16:24'),
(686, 'Nơi đây là nơi ông mất', 154, '2018-04-12 00:16:24', '2018-04-12 00:16:24'),
(687, 'Chấm dứt sự chia rẽ giữa các tổ chức cộng sản.', 155, '2018-04-12 00:30:55', '2018-04-12 00:30:55'),
(688, 'Yêu cầu bức thiết của cách mạng Việt Nam lúc đó', 155, '2018-04-12 00:30:55', '2018-04-12 00:30:55'),
(689, 'Yêu cầu của Quốc tế Cộng sản.', 155, '2018-04-12 00:30:55', '2018-04-12 00:30:55'),
(690, 'Để thay thế vai trò của Hội Việt Nam cách mạng thanh niên.', 155, '2018-04-12 00:30:55', '2018-04-12 00:30:55'),
(691, 'Quảng Châu', 156, '2018-04-12 00:31:44', '2018-04-12 00:31:44'),
(692, 'Hà Nội', 156, '2018-04-12 00:31:44', '2018-04-12 00:31:44'),
(693, 'Hồng Kông', 156, '2018-04-12 00:31:44', '2018-04-12 00:31:44'),
(694, 'Yên Bái', 156, '2018-04-12 00:31:44', '2018-04-12 00:31:44'),
(695, 'Đông Dương Cộng sản Đảng, An Nam Cộng sản đảng.', 157, '2018-04-12 00:32:29', '2018-04-12 00:32:29'),
(696, 'Đông Dương Cộng sản Đảng, An Nam Cộng sản đảng, Đông Dương Cộng sản liên đoàn.', 157, '2018-04-12 00:32:29', '2018-04-12 00:32:29'),
(697, 'Đông Dương Cộng sản Đảng, Đông Dương Cộng sản Liên đoàn.', 157, '2018-04-12 00:32:29', '2018-04-12 00:32:29'),
(698, 'An Nam Cộng sản Đảng, Đông Dương Cộng sản liên đoàn.', 157, '2018-04-12 00:32:29', '2018-04-12 00:32:29'),
(699, 'Thống nhất các tổ chức cộng sản để thành lập một Đảng duy nhất lấy tên là Đảng Cộng sản Việt Nam', 158, '2018-04-12 00:33:09', '2018-04-12 00:33:09'),
(700, 'Soạn thảo Cương lĩnh chính trị đầu tiên đê hội nghị thông qua', 158, '2018-04-12 00:33:09', '2018-04-12 00:33:09'),
(701, 'Truyền bá chủ nghĩa Mác-Lê nin vào Việt Nam', 158, '2018-04-12 00:33:09', '2018-04-12 00:33:09'),
(702, 'Câu a và b đúng', 158, '2018-04-12 00:33:09', '2018-04-12 00:33:09'),
(703, 'Làm cách mạng tư sản dân quyền và cách mạng ruộng đất để tiến lên chủ nghĩa cộng sản.', 159, '2018-04-12 00:33:59', '2018-04-12 00:33:59'),
(704, 'Thực hiện cuộc cách mạng ruộng đất cho triệt để', 159, '2018-04-12 00:33:59', '2018-04-12 00:33:59'),
(705, 'Tịch thu hết sản nghiệp của bọn đế quốc', 159, '2018-04-12 00:33:59', '2018-04-12 00:33:59'),
(706, 'Đánh đổ địa chủ phong kiến, làm cách mạng thổ địa sau đó làm cách mạng làm cách mạng dân tộc.', 159, '2018-04-12 00:33:59', '2018-04-12 00:33:59'),
(707, 'Công nhân và nông dân.', 160, '2018-04-12 00:34:52', '2018-04-12 00:34:52'),
(708, 'Công nhân, nông dân và các tầng lớp tiểu tư sản, trí thức, trung nông', 160, '2018-04-12 00:34:52', '2018-04-12 00:34:52'),
(709, 'Công nhân, nông dân, tiểu tư sản, tư sản và địa chủ phong kiến.', 160, '2018-04-12 00:34:52', '2018-04-12 00:34:52'),
(710, 'Công nhân, nông dân, tư sản', 160, '2018-04-12 00:34:52', '2018-04-12 00:34:52'),
(711, 'Thông qua Luận cương Chính trị của Đảng.', 161, '2018-04-12 00:35:35', '2018-04-12 00:35:35'),
(712, 'Thông qua Chính cương, Sách lược vắn tắt, Điều lệ tóm tắt của Đảng và chỉ định Ban Chấp hành Trung ương Lâm thời.', 161, '2018-04-12 00:35:35', '2018-04-12 00:35:35'),
(713, 'Bầu Ban Chấp hành Trung ương lâm thời', 161, '2018-04-12 00:35:35', '2018-04-12 00:35:35'),
(714, 'Quyết định lấy tên Đảng là Đảng Cộng sản Đông Dương', 161, '2018-04-12 00:35:35', '2018-04-12 00:35:35'),
(715, 'Đông Dương Cộng sản Đảng.', 162, '2018-04-12 00:36:19', '2018-04-12 00:36:19'),
(716, 'An Nam Cộng sản đảng.', 162, '2018-04-12 00:36:19', '2018-04-12 00:36:19'),
(717, 'Đông Dương Cộng sản Liên đoàn.', 162, '2018-04-12 00:36:19', '2018-04-12 00:36:19'),
(718, 'Hội Việt Nam cách mạng thanh niên', 162, '2018-04-12 00:36:19', '2018-04-12 00:36:19'),
(719, 'Chủ nghĩa Mác-Lê nin với phong trào dân tộc, dân chủ.', 163, '2018-04-12 00:37:00', '2018-04-12 00:37:00'),
(720, 'Chủ nghĩa Mác-Lê nin với phong trào công nhân,', 163, '2018-04-12 00:37:00', '2018-04-12 00:37:00'),
(721, 'Chủ nghĩa Mác-Lê nin với phong trào công nhân và phong trào yêu nước,', 163, '2018-04-12 00:37:01', '2018-04-12 00:37:01'),
(722, 'Chủ nghĩa Mác-Lê nin với phong trào công nhân và phong trào nông dân.', 163, '2018-04-12 00:37:01', '2018-04-12 00:37:01'),
(723, 'Sự phát triển của phong trào yêu nước Việt Nam', 164, '2018-04-12 00:37:36', '2018-04-12 00:37:36'),
(724, 'Sự thất bại của Việt Nam Quốc dân đảng.', 164, '2018-04-12 00:37:36', '2018-04-12 00:37:36'),
(725, 'Sự phổ biến chủ nghĩa Mác-Lê nin vào Việt Nam.', 164, '2018-04-12 00:37:36', '2018-04-12 00:37:36'),
(726, 'Sự phát triển tự giác phong trào công nhân Việt Nam.', 164, '2018-04-12 00:37:36', '2018-04-12 00:37:36'),
(727, 'Chính cương vắn tắt do Nguyễn Ái Quốc soạn thảo.', 165, '2018-04-12 00:38:14', '2018-04-12 00:38:14'),
(728, 'Sách lược vắn tắt và Điều lệ vắn tắt do Nguyễn Ái Quốc dự thảo.', 165, '2018-04-12 00:38:14', '2018-04-12 00:38:14'),
(729, 'Luận cương Chính trị do Trần Phú soạn thảo.', 165, '2018-04-12 00:38:14', '2018-04-12 00:38:14'),
(730, 'Chính cương, Sách lược và Điều lệ vắn tắt do Nguyễn Ái Quốc dự thảo.', 165, '2018-04-12 00:38:14', '2018-04-12 00:38:14'),
(731, 'Cách mạng Việt Nam phải trải qua hai giai đoạn: Cách mạng tư sản dân quyền và cách mạng XHCN', 166, '2018-04-12 00:38:56', '2018-04-12 00:38:56'),
(732, 'Cách mạng Việt Nam trở thành một bộ phận của cách mạng thế giới.', 166, '2018-04-12 00:38:56', '2018-04-12 00:38:56'),
(733, 'Làm cách mạng giải phóng dân tộc sau đó tiến lên chủ nghĩa xã hội.', 166, '2018-04-12 00:38:56', '2018-04-12 00:38:56'),
(734, 'a và b đúng', 166, '2018-04-12 00:38:56', '2018-04-12 00:38:56'),
(735, 'Nêu cao vấn đề dân tộc lên hàng đầu.', 167, '2018-04-12 00:39:43', '2018-04-12 00:39:43'),
(736, 'Đánh giá đúng khả năng cách mạng của các giai cấp trong xã hội Việt Nam.', 167, '2018-04-12 00:39:43', '2018-04-12 00:39:43'),
(737, 'Thấy được khả năng liên minh có điều kiện với giai cấp tư sản dân tộc, khả năng phân hóa, lôi kéo một bộ phận giai cấp địa chủ trong cách mạng giải phóng dân tộc.', 167, '2018-04-12 00:39:43', '2018-04-12 00:39:43'),
(738, 'Cả 3 ý trên đều đúng.', 167, '2018-04-12 00:39:43', '2018-04-12 00:39:43'),
(739, 'Cương lĩnh chính trị đầu tiên của Đảng do đồng chí Nguyễn Ái Quốc khởi thảo.', 168, '2018-04-12 00:40:23', '2018-04-12 00:40:23'),
(740, 'Điều lệ của Đảng do đồng chí Nguyễn Ái Quốc dự thảo.', 168, '2018-04-12 00:40:23', '2018-04-12 00:40:23'),
(741, 'Chính cương vắn tắt do Nguyễn Ái Quốc khởi thảo.', 168, '2018-04-12 00:40:23', '2018-04-12 00:40:23'),
(742, 'Luận cương Chính trị 1930 do Trần Phú khởi thảo.', 168, '2018-04-12 00:40:24', '2018-04-12 00:40:24'),
(743, 'Đánh đổ phong kiến địa chủ giành đất cho dân cày.', 169, '2018-04-12 00:41:04', '2018-04-12 00:41:04'),
(744, 'Đánh đổ đế quốc Pháp giành độc lập dân tộc.', 169, '2018-04-12 00:41:04', '2018-04-12 00:41:04'),
(745, 'Đánh đổ đế quốc Pháp, phong kiến và tư sản phản cách mạng làm cho Việt nam độc lập, thành lập chính phủ công nông binh.', 169, '2018-04-12 00:41:04', '2018-04-12 00:41:04'),
(746, 'Đánh đổ giai cấp tư sản và địa chủ phong kiến.', 169, '2018-04-12 00:41:04', '2018-04-12 00:41:04'),
(767, 'Hệ phân tán thông minh', 175, '2018-05-06 23:01:21', '2018-05-06 23:22:20'),
(768, 'Cơ sở dữ liệu phân tán', 175, '2018-05-06 23:01:21', '2018-05-06 23:15:52'),
(769, 'Chỉ là mạng phân tán', 175, '2018-05-06 23:01:21', '2018-05-06 23:15:52'),
(770, 'Cuốn sổ cái phân tán', 175, '2018-05-06 23:01:21', '2018-05-06 23:15:52');

-- --------------------------------------------------------

--
-- Cấu trúc bảng cho bảng `categories`
--

CREATE TABLE `categories` (
  `id` int(10) UNSIGNED NOT NULL,
  `name` varchar(255) NOT NULL,
  `slug` varchar(255) NOT NULL,
  `created_at` timestamp NULL DEFAULT NULL,
  `updated_at` timestamp NULL DEFAULT NULL
) ENGINE=InnoDB DEFAULT CHARSET=utf8;

--
-- Đang đổ dữ liệu cho bảng `categories`
--

INSERT INTO `categories` (`id`, `name`, `slug`, `created_at`, `updated_at`) VALUES
(1, 'Tiếng anh', 'tieng-anh', '2018-03-17 21:09:22', '2018-03-17 21:09:22'),
(3, 'Vật lý', 'vat-ly', '2018-03-17 21:10:38', '2018-03-17 21:10:38'),
(5, 'Toán', 'toan', '2018-03-17 21:14:48', '2018-03-17 21:14:48'),
(8, 'Văn học', 'van-hoc', '2018-03-17 21:44:01', '2018-03-21 19:56:54'),
(15, 'Lập trình web', 'lap-trinh-web', '2018-03-19 00:59:54', '2018-04-07 01:31:23'),
(18, 'Lịch sử', 'lich-su', '2018-04-11 23:45:16', '2018-04-11 23:45:16'),
(19, 'Công nghệ 4.0', 'cong-nghe-40', '2018-05-06 08:35:33', '2018-05-06 08:35:33');

-- --------------------------------------------------------

--
-- Cấu trúc bảng cho bảng `migrations`
--

CREATE TABLE `migrations` (
  `id` int(10) UNSIGNED NOT NULL,
  `migration` varchar(255) NOT NULL,
  `batch` int(11) NOT NULL
) ENGINE=InnoDB DEFAULT CHARSET=utf8;

--
-- Đang đổ dữ liệu cho bảng `migrations`
--

INSERT INTO `migrations` (`id`, `migration`, `batch`) VALUES
(1, '2014_10_12_000000_create_users_table', 1),
(2, '2014_10_12_100000_create_password_resets_table', 1),
(4, '2018_03_16_144242_add_col_level_to_users', 2),
(5, '2018_03_18_022218_create_categories_table', 3),
(6, '2018_03_18_025544_add_slug_to_categories', 4),
(7, '2018_03_18_064742_create_topics_table', 5),
(8, '2018_03_18_072312_create_topics_table', 6),
(9, '2018_03_18_084013_create_questions_table', 7),
(10, '2018_03_19_071817_create_topics_table', 8),
(11, '2018_03_19_080147_create_answers_table', 9),
(12, '2018_03_19_083506_create_question_answer_table', 9),
(13, '2018_03_19_083549_create_topic_question_table', 9),
(14, '2018_03_19_084545_create_questions_table', 10),
(15, '2018_03_19_084925_create_question_answer_table', 11),
(16, '2018_03_19_085050_create_topic_question_table', 11),
(17, '2018_03_19_154524_create_question_topic_table', 12),
(18, '2018_03_20_165439_create_answers_table', 13),
(19, '2018_03_21_105810_create_answers_table', 14),
(20, '2018_03_21_105954_add_correct_ans_to_questions_table', 14),
(21, '2018_03_28_090215_create_topic_user_table', 15),
(22, '2018_04_02_160324_add_social_to_users_table', 16),
(23, '2018_04_03_150852_add_token_to_users_table', 17);

-- --------------------------------------------------------

--
-- Cấu trúc bảng cho bảng `password_resets`
--

CREATE TABLE `password_resets` (
  `email` varchar(255) NOT NULL,
  `token` varchar(255) NOT NULL,
  `created_at` timestamp NULL DEFAULT NULL
) ENGINE=InnoDB DEFAULT CHARSET=utf8;

--
-- Đang đổ dữ liệu cho bảng `password_resets`
--

INSERT INTO `password_resets` (`email`, `token`, `created_at`) VALUES
('herogustin@gmail.com', '$2y$10$kurKNyK1HFB7zsjpEzG6Uu73DE/YY3gteyIfo7kmRqNNjzdP3uO2i', '2018-04-02 03:24:06');

-- --------------------------------------------------------

--
-- Cấu trúc bảng cho bảng `questions`
--

CREATE TABLE `questions` (
  `id` int(10) UNSIGNED NOT NULL,
  `content` longtext NOT NULL,
  `correct_ans` text,
  `created_at` timestamp NULL DEFAULT NULL,
  `updated_at` timestamp NULL DEFAULT NULL
) ENGINE=InnoDB DEFAULT CHARSET=utf8;

--
-- Đang đổ dữ liệu cho bảng `questions`
--

INSERT INTO `questions` (`id`, `content`, `correct_ans`, `created_at`, `updated_at`) VALUES
(32, '<p>Bài thơ<em><strong> \"Từ ấy\"</strong></em> do ai sáng tác?</p>', '[193]', '2018-03-21 19:59:35', '2018-05-07 02:49:32'),
(47, '<p><strong><em>PHP</em> là viết tắt của từ nào?</strong></p>', '[177]', '2018-03-22 01:33:32', '2018-03-22 01:33:33'),
(48, '<p><span style=\"font-family:\'Open Sans\', Arial, sans-serif;font-size:15px;text-align:justify;\">Phương trình <em>x2</em></span><span style=\"font-family:\'Open Sans\', Arial, sans-serif;font-size:15px;text-align:justify;\"><em> + x - 1</em> = 0 có:</span></p>', '[185]', '2018-03-22 01:58:19', '2018-04-21 19:28:47'),
(49, '<p>Bài thơ <strong><em>\"Con cò\"</em></strong> do nhà thơ nào sáng tác?</p>', '[202]', '2018-03-26 02:12:21', '2018-04-11 21:29:44'),
(50, '<p>Bài thơ<strong><em> \"Lượm\"</em></strong> nói về ai?</p>', '[195]', '2018-03-28 03:36:29', '2018-03-28 03:36:29'),
(51, '<p><span style=\"color:rgba(0,0,0,.87);font-family:Arial, Helvetica, sans-serif;font-size:16px;\">The house was burgled while the family was____________ in a card game.</span></p>', '[205]', '2018-04-05 08:32:33', '2018-04-05 08:32:34'),
(52, '<p><span style=\"color:rgba(0,0,0,.87);font-family:Arial, Helvetica, sans-serif;font-size:16px;\"> I am sorry that I can\'t________ your invitation.</span></p>', '[214]', '2018-04-05 08:33:23', '2018-04-05 08:33:35'),
(53, '<p><span style=\"color:rgba(0,0,0,.87);font-family:Arial, Helvetica, sans-serif;font-size:16px;\">_________what he says, he wasn\'t even there when the crime was committed.</span></p>', '[216]', '2018-04-05 08:34:36', '2018-04-05 08:34:36'),
(54, '<p><span style=\"color:rgba(0,0,0,.87);font-family:Arial, Helvetica, sans-serif;font-size:16px;\">He has impressed his employers considerably and_______ he is soon to be promoted.</span></p>', '[220]', '2018-04-05 08:35:28', '2018-04-05 08:35:29'),
(55, '<p><span style=\"color:rgba(0,0,0,.87);font-family:Arial, Helvetica, sans-serif;font-size:16px;\">He gave his listeners a vivid________ of his journey through Peru</span></p>', '[223]', '2018-04-05 08:36:25', '2018-04-05 08:36:26'),
(56, '<p><span style=\"color:rgba(0,0,0,.87);font-family:Arial, Helvetica, sans-serif;font-size:16px;\">Will you be taking my precious experience into_______ when you fix my salary?</span></p>', '[228]', '2018-04-05 08:37:13', '2018-04-05 08:37:14'),
(57, '<p><span style=\"color:rgba(0,0,0,.87);font-family:Arial, Helvetica, sans-serif;font-size:16px;\">The policeman stopped him when he was driving home and________ him of speeding.</span></p>', '[232]', '2018-04-05 08:38:04', '2018-04-05 08:38:04'),
(58, '<p><span style=\"color:rgba(0,0,0,.87);font-family:Arial, Helvetica, sans-serif;font-size:16px;\">His stomach began to___________ because of the bad food he had eaten.</span></p>', '[238]', '2018-04-05 08:38:51', '2018-04-05 08:38:51'),
(59, '<p><span style=\"color:rgba(0,0,0,.87);font-family:Arial, Helvetica, sans-serif;font-size:16px;\"> If you_________ money to mine, we shall have enough.</span></p>', '[239]', '2018-04-05 08:39:44', '2018-04-05 08:39:44'),
(60, '<p><span style=\"color:rgba(0,0,0,.87);font-family:Arial, Helvetica, sans-serif;font-size:16px;\"> He was full of________ for her bravery.</span></p>', '[244]', '2018-04-05 08:40:36', '2018-04-05 08:40:36'),
(61, '<p><span style=\"color:rgba(0,0,0,.87);font-family:Arial, Helvetica, sans-serif;font-size:16px;\">This factory produced ______ motorbikes in 2008 as in the year 2006.</span></p>', '[247]', '2018-04-05 08:58:06', '2018-04-05 08:58:06'),
(62, '<p><span style=\"color:rgba(0,0,0,.87);font-family:Arial, Helvetica, sans-serif;font-size:16px;\">In many big cities, people have to ______ up with noise, overcrowding and bad air.</span></p>', '[254]', '2018-04-05 08:58:56', '2018-04-05 08:58:56'),
(63, '<p><span style=\"color:rgba(0,0,0,.87);font-family:Arial, Helvetica, sans-serif;font-size:16px;\">Had she worked harder last summer, she ______.</span></p>', '[255]', '2018-04-05 08:59:47', '2018-04-05 08:59:47'),
(64, '<p><span style=\"color:rgba(0,0,0,.87);font-family:Arial, Helvetica, sans-serif;font-size:16px;\">Listening is the most difficult language ______ for me to master.</span></p>', '[261]', '2018-04-05 09:00:32', '2018-04-05 09:00:32'),
(65, '<p><span style=\"color:rgba(0,0,0,.87);font-family:Arial, Helvetica, sans-serif;font-size:16px;\">In the modern world, women\'s ______ roles have been changing.</span></p>', '[266]', '2018-04-05 09:01:17', '2018-04-05 09:01:18'),
(66, '<p><span style=\"color:rgba(0,0,0,.87);font-family:Arial, Helvetica, sans-serif;font-size:16px;\">It is imperative ______ what to do when there is a fire.</span></p>', '[268]', '2018-04-05 09:02:13', '2018-04-05 09:02:13'),
(67, '<p><span style=\"color:rgba(0,0,0,.87);font-family:Arial, Helvetica, sans-serif;font-size:16px;\">Our industrial output______ from $2 million in 2002 to $4 million this year</span></p>', '[274]', '2018-04-05 09:03:04', '2018-04-05 09:03:05'),
(68, '<p><span style=\"color:rgba(0,0,0,.87);font-family:Arial, Helvetica, sans-serif;font-size:16px;\">Is it true that this country produces more oil than ______ ?</span></p>', '[277]', '2018-04-05 09:03:49', '2018-04-05 09:03:50'),
(69, '<p><span style=\"color:rgba(0,0,0,.87);font-family:Arial, Helvetica, sans-serif;font-size:16px;\">I\'ve warned you many times ______the front door unlocked.</span></p>', '[281]', '2018-04-05 09:04:47', '2018-04-05 09:04:47'),
(70, '<p><span style=\"color:rgba(0,0,0,.87);font-family:Arial, Helvetica, sans-serif;font-size:16px;\">Neil Armstrong was the first man ______ on the moon.</span></p>', '[286]', '2018-04-05 09:05:38', '2018-04-05 09:05:39'),
(71, '<p><span style=\"color:rgba(0,0,0,.87);font-family:Arial, Helvetica, sans-serif;font-size:16px;\">\"The longest fish in the contest was eighteen inches long\". </span><span style=\"color:rgba(0,0,0,.87);font-family:Arial, Helvetica, sans-serif;font-size:16px;\">\"It_____ by Thelma Rivers\".</span></p>', '[389]', '2018-04-05 09:12:50', '2018-04-06 08:03:52'),
(73, '<p style=\"font-size:16px;font-family:Arial, Helvetica, sans-serif;color:rgba(0,0,0,.87);\"> \"Are we about to have dinner?\". \"Yes, it _____ in the dinning room\".</p>', '[337]', '2018-04-05 09:14:44', '2018-04-05 09:28:36'),
(74, '<p><span style=\"color:rgba(0,0,0,.87);font-family:Arial, Helvetica, sans-serif;font-size:16px;\">\"Why is Stanley in jail?\".  \"He_____ of robbery\".</span></p>', '[339]', '2018-04-05 09:16:21', '2018-04-05 09:28:45'),
(75, '<p><span style=\"color:rgba(0,0,0,.87);font-family:Arial, Helvetica, sans-serif;font-size:16px;\">\"Where are Jack and Jan?\".  \"They_____ the boxes you asked for into the house\".</span></p>', '[345]', '2018-04-05 09:17:30', '2018-04-05 09:28:56'),
(76, '<p><span style=\"color:rgba(0,0,0,.87);font-family:Arial, Helvetica, sans-serif;font-size:16px;\">\"Where\'s the old chicken coop?\". </span><span style=\"color:rgba(0,0,0,.87);font-family:Arial, Helvetica, sans-serif;font-size:16px;\">\"It_____ by a windstorm last year.\"</span></p>', '[347]', '2018-04-05 09:18:41', '2018-04-05 09:29:24'),
(77, '<p style=\"font-size:16px;font-family:Arial, Helvetica, sans-serif;color:rgba(0,0,0,.87);\">\"We\'re still looking for Thomas\".</p>\r\n<p style=\"font-size:16px;font-family:Arial, Helvetica, sans-serif;color:rgba(0,0,0,.87);\">\"Hasn\'t he_____ yet?\".</p>', '[398]', '2018-04-05 09:21:18', '2018-04-06 08:10:07'),
(78, '<p style=\"font-size:16px;font-family:Arial, Helvetica, sans-serif;color:rgba(0,0,0,.87);\">\"Whatever happened t that fortune - teller?\" .\"I don\'t know. She _____ around her in a long time\".</p>', '[351]', '2018-04-05 09:22:12', '2018-04-05 09:29:36'),
(79, '<p style=\"font-size:16px;font-family:Arial, Helvetica, sans-serif;color:rgba(0,0,0,.87);\">\"Diana is a wonderful ballet dancer\". \"She_____ since she was four\".</p>', '[358]', '2018-04-05 09:23:03', '2018-04-05 09:29:44'),
(80, '<p style=\"font-size:16px;font-family:Arial, Helvetica, sans-serif;color:rgba(0,0,0,.87);\">\"What a beautiful dress you\'re wearing!\". \"Thank you. It_____ especially for me by a French tailor\".</p>', '[359]', '2018-04-05 09:31:34', '2018-04-05 09:31:35'),
(81, '<p style=\"font-size:16px;font-family:Arial, Helvetica, sans-serif;color:rgba(0,0,0,.87);\">\"Those eggs of different colors are very artistic\". \"Yes, they_____ in Russia\".</p>', '[364]', '2018-04-05 09:34:10', '2018-04-05 09:34:10'),
(82, '<p><span style=\"color:rgba(0,0,0,.87);font-family:Arial, Helvetica, sans-serif;font-size:16px;\"> If I __________the same problem you had as a child, I might not have succeeded in life as well as you have.</span></p>', '[369]', '2018-04-05 09:36:52', '2018-04-05 09:36:52'),
(83, '<p><span style=\"color:rgba(0,0,0,.87);font-family:Arial, Helvetica, sans-serif;font-size:16px;\">I __________you sooner had someone told me you were in the hospital.</span></p>', '[371]', '2018-04-05 09:38:04', '2018-04-05 09:38:05'),
(84, '<p><span style=\"color:rgba(0,0,0,.87);font-family:Arial, Helvetica, sans-serif;font-size:16px;\">__________more help, I would call my neighbor.</span></p>', '[376]', '2018-04-05 09:39:05', '2018-04-05 09:39:06'),
(85, '<p><span style=\"color:rgba(0,0,0,.87);font-family:Arial, Helvetica, sans-serif;font-size:16px;\">__________then what I know yesterday, I would have saved myself a lot of time and trouble over the years.</span></p>', '[379]', '2018-04-05 09:40:04', '2018-04-05 09:40:04'),
(86, '<p><span style=\"color:rgba(0,0,0,.87);font-family:Arial, Helvetica, sans-serif;font-size:16px;\">Do you think there would be less conflict in the world if all people __________the same language?</span></p>', '[383]', '2018-04-05 09:40:46', '2018-04-05 09:40:46'),
(87, '<p>Định luật I Niutơn xác nhận rằng:</p>', '[400]', '2018-04-06 19:56:59', '2018-04-21 19:32:32'),
(88, '<p>Nếu một vật đang chuyển động có gia tốc mà lực tác dụng lên nó giảm đi thì gia tốc của vật</p>', '[404]', '2018-04-06 20:12:36', '2018-04-21 19:32:56'),
(89, '<p>Một viên bi chuyển động đều trên mặt sàn nằm ngang, phẳng, nhẵn (ma sát không đáng kể). Nhận xét nào sau đây là sai?</p>', '[409]', '2018-04-06 20:16:22', '2018-04-21 19:33:05'),
(90, '<p>Gia tốc của vật sẽ thay đổi như thế nào nếu độ lớn lực tác dụng lên vật tăng lên hai lần và khối lượng của vật giảm đi 2 lần?</p>', '[414]', '2018-04-06 20:17:54', '2018-04-21 19:33:14'),
(91, '<p>Một vật lúc đầu nằm trên một mặt phẳng nhám nằm ngang. Sau khi được truyền một vận tốc đầu, vật chuyển động chậm dần vì có:</p>', '[417]', '2018-04-06 20:18:59', '2018-04-21 19:33:29'),
(92, '<p>Chọn phát biểu đúng. Quỹ đạo chuyển động của vật ném ngang là</p>', '[422]', '2018-04-06 20:20:31', '2018-04-21 19:33:39'),
(93, '<p> Khi một con ngựa kéo xe, lực tác dụng vào con ngựa làm nó chuyển động về phía trước là lực nào?</p>', '[430]', '2018-04-06 20:22:24', '2018-04-21 19:33:50'),
(94, '<p>Một quả bóng có khối lượng m=300g va chạm vào tường và nảy trở lại với cùng vận tốc. Vận tốc cuả bóng trước va chạm là 5m/s. Biến thiên động lượng cuả bóng là:</p>', '[433]', '2018-04-06 20:28:18', '2018-04-06 20:28:18'),
(95, '<p>Một khẩu đại bác có khối lượng 4 tấn , bắn đi 1 viên đạn theo phương ngang có khối lượng 10Kg với vận tốc 400m/s. Coi như lúc đầu, hệ đại bác và đạn đứng yên.Vận tốc giật lùi của đại bác là: </p>', '[435]', '2018-04-06 20:29:53', '2018-04-06 20:29:53'),
(96, '<p>Hiện tượng nào dưới đây là sự va chạm đàn hồi:</p>', '[441]', '2018-04-06 20:31:22', '2018-04-06 20:31:22'),
(97, '<p>Một vật trượt trên mặt phẳng nghiêng có ma sát, sau khi lên tới điểm cao nhất, nó trượt xuống vị trí ban đầu. Trong quá trình chuyển động trên: </p>', '[443]', '2018-04-06 20:32:37', '2018-04-06 20:32:37'),
(98, '<p>Trong điều kiện nào, sau va chạm đàn hồi, 2 vật đều đứng yên: </p>', '[454]', '2018-04-06 20:34:01', '2018-04-06 20:34:18'),
(99, '<p>Chọn phát biểu <em><strong>sai</strong> </em>về động lượng</p>', '[457]', '2018-04-06 20:37:08', '2018-04-06 20:37:08'),
(100, '<p>Một vật có khối lượng 0,5 Kg trượt không ma sát trên một mặt phẳng ngang với vận tốc 5m/s đến va chạm vào một bức tường thẳng đứng theo phương vuông góc với tường. Sau va chạm vật đi ngược trở lại phương cũ với vận tốc 2m/s.Thời gian tương tác là 0,2 s. Lực F  do tường tác dụng có độ lớn bằng: </p>', '[460]', '2018-04-06 20:38:21', '2018-04-06 20:38:22'),
(101, '<p>Bắn một hòn bi thủy tinh (1) có khối lượng m với vận tốc 3 m/s vào một hòn bi thép (2) đứng yên có khối lượng 3m. Tính độ lớn các vận tốc của 2 hòn bi sau va chạm? Cho là va chạm trực diện, đàn hồi</p>', '[463]', '2018-04-06 20:40:06', '2018-04-21 19:26:06'),
(102, '<p>Một người nhấc 1 vật có khối lượng 4 kg lên cao 0,5m. Sau đó xách vật di chuyển theo phương ngang 1 đoạn 1m. Lấy g =10m/s2 . Người đó đã thực hiện 1 công bằng: </p>', '[468]', '2018-04-06 20:41:55', '2018-04-06 20:41:56'),
(103, '<p>Cặp số nào sau đây là nghiệm của phương trình x−2y=1x−2y=1?</p>', '[499]', '2018-04-06 20:45:54', '2018-04-21 19:28:17'),
(104, '<p>Cặp số nào sau đây <em><strong>không</strong> </em>là nghiệm của phương trình <span style=\"text-align:left;font-size:15.96px;\"><span style=\"text-align:left;\"><span style=\"text-align:left;\"><span style=\"text-align:left;font-family:\'MJXc-TeX-main-R\', \'MJXc-TeX-main-Rw\';\">2</span></span><span style=\"text-align:left;\"><span style=\"text-align:left;font-family:\'MJXc-TeX-math-I\', \'MJXc-TeX-math-Ix\', \'MJXc-TeX-math-Iw\';\">x</span></span><span style=\"text-align:left;\"><span style=\"text-align:left;font-family:\'MJXc-TeX-main-R\', \'MJXc-TeX-main-Rw\';\">+</span></span><span style=\"text-align:left;\"><span style=\"text-align:left;font-family:\'MJXc-TeX-math-I\', \'MJXc-TeX-math-Ix\', \'MJXc-TeX-math-Iw\';\">y</span></span><span style=\"text-align:left;\"><span style=\"text-align:left;font-family:\'MJXc-TeX-main-R\', \'MJXc-TeX-main-Rw\';\">=</span></span><span style=\"text-align:left;\"><span style=\"text-align:left;font-family:\'MJXc-TeX-main-R\', \'MJXc-TeX-main-Rw\';\">3?</span></span></span></span></p>', '[484]', '2018-04-06 20:49:56', '2018-04-06 20:50:44'),
(105, '<p>Cho phương trình (2m+3)x+(m+5)y=1−4m(2m+3)x+(m+5)y=1−4m (m là tham số). Hỏi phương trình luôn có nghiệm là bao nhiêu với mọi m?</p>', '[487]', '2018-04-06 20:51:53', '2018-04-21 19:30:15'),
(106, '<p>Đường thẳng (d):ax+by=6(d):ax+by=6 (với a&gt;0,b&gt;0a&gt;0,b&gt;0) tạo với các trục tọa độ một tam giác có diện tích bằng 9. Tìm tích ab.</p>', '[493]', '2018-04-06 20:56:37', '2018-04-21 19:30:30'),
(107, '<p>Tập nghiệm S của phương trình |3x–2|=3–2x|3x–2|=3–2x là:</p>', '[503]', '2018-04-06 20:59:14', '2018-04-21 19:30:53'),
(108, '<div>\r\n<p style=\"font-style:inherit;font-weight:inherit;font-size:inherit;font-family:inherit;\">Thuộc tính HTML nào xác định một văn bản sẽ dùng thay thế cho hình ảnh, nếu hình ảnh không thể được hiển thị?</p>\r\n</div>', '[508]', '2018-04-07 01:15:16', '2018-04-07 01:15:17'),
(109, '<p><span style=\"color:#666666;font-family:Tahoma, sans-serif;font-size:18px;\">Đoạn mã HTML nào thực hiện chèn một ảnh nền vào trang web?</span></p>', '[511]', '2018-04-07 01:16:52', '2018-04-07 01:16:52'),
(110, '<p><span style=\"color:#666666;font-family:Tahoma, sans-serif;font-size:18px;\">Chọn phần tử HTML được dùng nhấn mạnh nội dung văn bản?</span></p>', '[517]', '2018-04-07 01:18:28', '2018-04-07 01:18:28'),
(111, '<p><span style=\"color:#666666;font-family:Tahoma, sans-serif;font-size:18px;\">Ai đang làm các chuẩn cho Web?</span></p>', '[522]', '2018-04-07 01:19:32', '2018-04-07 01:19:32'),
(112, '<p><span style=\"color:#666666;font-family:Tahoma, sans-serif;font-size:18px;\">Thẻ &lt;input type=”Password” …&gt; dùng để làm gì?</span></p>', '[525]', '2018-04-07 01:20:28', '2018-04-07 01:20:28'),
(113, '<p><span style=\"color:#666666;font-family:Tahoma, sans-serif;font-size:18px;\">Thẻ HTML nào tạo ra một danh sách đổ xuống (drop-down list)?</span></p>', '[527]', '2018-04-07 01:22:05', '2018-04-07 01:22:05'),
(114, '<p><span style=\"color:#666666;font-family:Tahoma, sans-serif;font-size:18px;\">Ký tự nào dùng để kết thúc một thẻ trong HTML?</span></p>', '[532]', '2018-04-07 01:23:01', '2018-04-07 01:23:02'),
(115, '<p><span style=\"color:#666666;font-family:Tahoma, sans-serif;font-size:18px;\">Chọn phần tử HTML đúng nhất để diễn mức quan trọng của văn bản ?</span></p>', '[537]', '2018-04-07 01:23:50', '2018-04-07 01:23:51'),
(116, '<p><span style=\"color:#666666;font-family:Tahoma, sans-serif;font-size:18px;\">Đâu là mã HTML thực hiện căn lề trái cho nội dung 1 ô trong bảng</span></p>', '[541]', '2018-04-07 01:24:47', '2018-04-07 01:24:47'),
(117, '<p><span style=\"color:#666666;font-family:Tahoma, sans-serif;font-size:18px;\">Cách nào bạn có thể mở một liên kết trong một tab mới hoặc một cửa sổ mới?</span></p>', '[544]', '2018-04-07 01:26:02', '2018-04-07 01:26:02'),
(118, '<p>JavaScript là ngôn ngữ xử lý ở:</p>', '[547]', '2018-04-07 01:34:52', '2018-04-07 01:34:53'),
(119, '<p>Javascript là ngôn ngữ thông dịch hay biên dịch</p>', '[551]', '2018-04-07 01:35:54', '2018-04-07 01:35:54'),
(120, '<p> Phương thức viết chương trình của Javascript như thế nào?</p>', '[557]', '2018-04-07 01:36:52', '2018-04-07 01:36:52'),
(121, '<p>Javascript là ngôn ngữ kịch bản có dấu được mã nguồn không?</p>', '[559]', '2018-04-07 01:38:35', '2018-04-07 01:38:35'),
(122, '<p>JavaScript được bắt đầu bằng?</p>', '[563]', '2018-04-07 01:39:17', '2018-04-07 01:39:17'),
(123, '<p>Javascript có các dạng biến?</p>', '[569]', '2018-04-07 01:40:12', '2018-04-07 01:40:12'),
(124, '<p>Trong Javascript sự kiện Onload thực hiện khi:</p>', '[571]', '2018-04-07 01:41:06', '2018-04-07 01:41:06'),
(125, '<p>Trong Javascript sự kiện OnMouseOver thực hiện khi nào?</p>', '[577]', '2018-04-07 01:41:59', '2018-04-07 01:41:59'),
(126, '<p>Lệnh lặp for có dạng như thế nào?</p>', '[579]', '2018-04-07 01:43:27', '2018-04-07 01:43:27'),
(127, '<p>Trong Javascript sự kiện Onblur thực hiện khi nào?</p>', '[583]', '2018-04-07 01:45:37', '2018-04-07 01:45:37'),
(128, '<p><em><strong>CSS</strong></em> là viết tắt của?</p>', '[589]', '2018-04-07 01:49:48', '2018-04-07 01:49:48'),
(129, '<p><em><strong>CSS</strong></em> là viết tắt của?</p>', '[593]', '2018-04-07 01:49:49', '2018-04-07 01:49:49'),
(130, '<p>Muốn liên kết file HTML với  file định nghĩa CSS ta dùng dòng nào sau đây?</p>', '[597]', '2018-04-07 01:50:54', '2018-04-07 01:50:55'),
(131, '<p>Đặt dòng liên kết với file CSS ở vùng nào trong file HTML?</p>', '[600]', '2018-04-07 01:51:50', '2018-04-07 01:51:50'),
(132, '<p>Thuộc tính text-indent dùng để?</p>', '[603]', '2018-04-07 01:52:39', '2018-04-07 01:52:39'),
(133, '<p>Thuộc tính nào định nghĩa CSS ngay trong 1 tag?</p>', '[609]', '2018-04-07 01:53:33', '2018-04-07 01:53:34'),
(134, '<p>Dòng nào tuân theo đúng cú pháp của CSS?</p>', '[611]', '2018-04-07 01:54:29', '2018-04-07 01:54:29'),
(135, '<p>Dòng nào thể hiện đúng một comment (lời chú thích) trong CSS?</p>', '[615]', '2018-04-07 01:55:24', '2018-04-07 01:55:24'),
(136, '<p>Dòng nào dùng để thay đổi màu nền?</p>', '[621]', '2018-04-07 01:56:22', '2018-04-07 01:56:22'),
(137, '<p>Làm thế nào thêm màu nền cho tất cả các phần tử &lt;h1&gt; ?</p>', '[624]', '2018-04-07 01:57:17', '2018-04-07 01:57:17'),
(138, '<p>Làm thế nào thay màu nền của chữ (text)?</p>', '[629]', '2018-04-07 01:58:28', '2018-04-07 01:58:28'),
(139, '<p>Đoạn mã sau , in ra giá trị nào sau đây</p><p>\r\n&lt;?php $a=1; function test(){ echo \"a=$a\"; } test(); ?&gt;</p>', '[634]', '2018-04-07 02:00:29', '2018-04-19 02:44:01'),
(140, '<p>Đoạn mã sau , in ra giá trị nào sau đây</p>\r\n<p><span style=\"color:#f5871f;font-family:Menlo, Monaco, Consolas, \'Courier New\', monospace;font-size:13px;\">&lt;?php</span> <span style=\"color:#4271ae;font-family:Menlo, Monaco, Consolas, \'Courier New\', monospace;font-size:13px;\"><span style=\"color:#8959a8;\">FUNCTION</span> <span style=\"color:#3e999f;\">TEST</span><span style=\"color:#f5871f;\">()</span></span><span style=\"color:#4d4d4c;font-family:Menlo, Monaco, Consolas, \'Courier New\', monospace;font-size:13px;\">{ </span><span style=\"color:#8959a8;font-family:Menlo, Monaco, Consolas, \'Courier New\', monospace;font-size:13px;\">echo</span> <span style=\"color:#718c00;font-family:Menlo, Monaco, Consolas, \'Courier New\', monospace;font-size:13px;\">\'HELLO WORLD!\'</span><span style=\"color:#4d4d4c;font-family:Menlo, Monaco, Consolas, \'Courier New\', monospace;font-size:13px;\">; } test(); </span><span style=\"color:#f5871f;font-family:Menlo, Monaco, Consolas, \'Courier New\', monospace;font-size:13px;\">?&gt;</span></p>', '[635]', '2018-04-07 02:01:44', '2018-04-19 02:44:38'),
(141, '<p>Đoạn mã nào sau đây được sử dụng để chú thích PHP</p>', '[642]', '2018-04-07 02:02:38', '2018-04-07 02:02:39'),
(142, '<p>Mặc định của một biến không có giá trị được thể hiện với từ khóa</p>', '[644]', '2018-04-07 02:03:32', '2018-04-07 02:03:33'),
(143, '<p>Ký hiệu nào được dùng khi sử dụng biến trong PHP</p>', '[648]', '2018-04-07 02:04:15', '2018-04-07 02:04:15'),
(144, '<p>Đoạn mã sau , in ra giá trị nào sau đây</p><p>\r\n&lt;?php\r\n       $check=\'false\';\r\n       if($check){ echo \'true\'; } else{echo \'false\';}\r\n?&gt;\r\n</p>', '[652]', '2018-04-07 02:05:20', '2018-04-21 19:03:25'),
(145, '<p>Hàm nào sau đây dùng để khai báo hằng số</p>', '[657]', '2018-04-07 02:06:28', '2018-04-07 02:06:29'),
(146, '<p>Đoạn mã sau , in ra giá trị nào sau đây</p>\r\n<p><span style=\"color:#c82829;font-family:Menlo, Monaco, Consolas, \'Courier New\', monospace;font-size:13px;\">$var</span><span style=\"color:#4d4d4c;font-family:Menlo, Monaco, Consolas, \'Courier New\', monospace;font-size:13px;\"> = </span><span style=\"color:#718c00;font-family:Menlo, Monaco, Consolas, \'Courier New\', monospace;font-size:13px;\">\'0\'</span><span style=\"color:#4d4d4c;font-family:Menlo, Monaco, Consolas, \'Courier New\', monospace;font-size:13px;\">; </span><span style=\"color:#8959a8;font-family:Menlo, Monaco, Consolas, \'Courier New\', monospace;font-size:13px;\">if</span><span style=\"color:#4d4d4c;font-family:Menlo, Monaco, Consolas, \'Courier New\', monospace;font-size:13px;\"> (</span><span style=\"color:#c82829;font-family:Menlo, Monaco, Consolas, \'Courier New\', monospace;font-size:13px;\">$var</span><span style=\"color:#4d4d4c;font-family:Menlo, Monaco, Consolas, \'Courier New\', monospace;font-size:13px;\">) { </span><span style=\"color:#8959a8;font-family:Menlo, Monaco, Consolas, \'Courier New\', monospace;font-size:13px;\">echo</span> <span style=\"color:#718c00;font-family:Menlo, Monaco, Consolas, \'Courier New\', monospace;font-size:13px;\">\'true\'</span><span style=\"color:#4d4d4c;font-family:Menlo, Monaco, Consolas, \'Courier New\', monospace;font-size:13px;\">; } </span><span style=\"color:#8959a8;font-family:Menlo, Monaco, Consolas, \'Courier New\', monospace;font-size:13px;\">else</span><span style=\"color:#4d4d4c;font-family:Menlo, Monaco, Consolas, \'Courier New\', monospace;font-size:13px;\"> { </span><span style=\"color:#8959a8;font-family:Menlo, Monaco, Consolas, \'Courier New\', monospace;font-size:13px;\">echo</span> <span style=\"color:#718c00;font-family:Menlo, Monaco, Consolas, \'Courier New\', monospace;font-size:13px;\">\'false\'</span><span style=\"color:#4d4d4c;font-family:Menlo, Monaco, Consolas, \'Courier New\', monospace;font-size:13px;\">; }</span></p>', '[659]', '2018-04-07 02:07:21', '2018-04-07 02:07:21'),
(147, '<p>Truy cập đến phần từ có giá trị \'d\'</p>\r\n<p><span style=\"color:#c82829;font-family:Menlo, Monaco, Consolas, \'Courier New\', monospace;font-size:13px;\">$a</span><span style=\"color:#4d4d4c;font-family:Menlo, Monaco, Consolas, \'Courier New\', monospace;font-size:13px;\"> = </span><span style=\"color:#8959a8;font-family:Menlo, Monaco, Consolas, \'Courier New\', monospace;font-size:13px;\">array</span><span style=\"color:#4d4d4c;font-family:Menlo, Monaco, Consolas, \'Courier New\', monospace;font-size:13px;\">( </span><span style=\"color:#718c00;font-family:Menlo, Monaco, Consolas, \'Courier New\', monospace;font-size:13px;\">\'a\'</span><span style=\"color:#4d4d4c;font-family:Menlo, Monaco, Consolas, \'Courier New\', monospace;font-size:13px;\">, </span><span style=\"color:#f5871f;font-family:Menlo, Monaco, Consolas, \'Courier New\', monospace;font-size:13px;\">3</span><span style=\"color:#4d4d4c;font-family:Menlo, Monaco, Consolas, \'Courier New\', monospace;font-size:13px;\"> =&gt; </span><span style=\"color:#718c00;font-family:Menlo, Monaco, Consolas, \'Courier New\', monospace;font-size:13px;\">\'b\'</span><span style=\"color:#4d4d4c;font-family:Menlo, Monaco, Consolas, \'Courier New\', monospace;font-size:13px;\">, </span><span style=\"color:#f5871f;font-family:Menlo, Monaco, Consolas, \'Courier New\', monospace;font-size:13px;\">1</span><span style=\"color:#4d4d4c;font-family:Menlo, Monaco, Consolas, \'Courier New\', monospace;font-size:13px;\"> =&gt; </span><span style=\"color:#718c00;font-family:Menlo, Monaco, Consolas, \'Courier New\', monospace;font-size:13px;\">\'c\'</span><span style=\"color:#4d4d4c;font-family:Menlo, Monaco, Consolas, \'Courier New\', monospace;font-size:13px;\">, </span><span style=\"color:#718c00;font-family:Menlo, Monaco, Consolas, \'Courier New\', monospace;font-size:13px;\">\'d\'</span><span style=\"color:#4d4d4c;font-family:Menlo, Monaco, Consolas, \'Courier New\', monospace;font-size:13px;\"> );</span></p>', '[666]', '2018-04-07 02:08:36', '2018-04-07 02:08:36'),
(150, '<p>Năm 937, Ngô Quyền kéo quân ra Bắc để:</p>', '[668]', '2018-04-11 21:46:15', '2018-04-21 19:06:49'),
(151, '<p>Vua Nam Hán cho xâm lược nước ta lần 2 vì:</p>', '[674]', '2018-04-11 21:48:32', '2018-04-21 19:08:11'),
(152, '<p>Lưu Hoàng Tháo đem quân xâm lược nước ta năm:</p>', '[676]', '2018-04-11 21:51:19', '2018-04-21 19:09:13'),
(153, '<p>Để chuẩn bị chống xâm lược, Ngô Quyền tiến vào thành Đại La bắt, giết Kiều Công Tiễn nhằm:</p>', '[680]', '2018-04-12 00:15:27', '2018-04-21 19:10:37'),
(154, '<p>Hiện nay, ở Ba Vì - Hà Tây có lăng Ngô Quyền, điều này có ý nghĩa như thế nào:</p>', '[685]', '2018-04-12 00:16:24', '2018-04-21 19:12:45'),
(155, '<p> Hội nghị thành lập Đảng Cộng sản Việt Nam được triệu tập (3/2/1930) tại Hương Cảng vì nhiều lí do. Lí do nào sau đây<strong> không đúng</strong>?</p>', '[690]', '2018-04-12 00:30:54', '2018-04-12 00:30:55'),
(156, '<p>Hội nghị thành lập Đảng Cộng sản Việt Nam (3/2/1930) họp tại đâu?</p>', '[693]', '2018-04-12 00:31:44', '2018-04-12 00:31:44'),
(157, '<p>Tại hội nghị hợp nhất ba tổ chức cộng sản, có sự tham gia của các tổ chức cộng sản nào?</p>', '[695]', '2018-04-12 00:32:28', '2018-04-12 00:32:29'),
(158, '<p>Vai trò của Nguyễn Ái Quốc trong hội nghị hợp nhất ba tổ chức cộng sản (3/2/1930) được thể hiện như thế nào?</p>', '[702]', '2018-04-12 00:33:08', '2018-04-12 00:33:09'),
(159, '<p>Con đường cách mạng Việt Nam được xác định trong Cương lĩnh chính trị đầu tiên do Nguyễn Ái Quốc khởi thảo là gì?</p>', '[703]', '2018-04-12 00:33:58', '2018-04-12 00:33:59'),
(160, '<p>Lực lượng cách mạng để đánh đổ đế quốc và phong kiến được nêu trong Cương lĩnh chính trị đầu tiên của Đảng do Nguyễn Ái Quốc khởi thảo là gì?</p>', '[708]', '2018-04-12 00:34:52', '2018-04-12 00:34:52'),
(161, '<p>Nội dung của Hội nghị thành lập Đảng:</p>', '[712]', '2018-04-12 00:35:35', '2018-04-12 00:35:35'),
(162, '<p>Có tổ chức nào không tham gia Hội nghị thành lập Đảng?</p>', '[717]', '2018-04-12 00:36:18', '2018-04-12 00:36:19'),
(163, '<p>Đảng Cộng sản Việt Nam ra đời là sản phẩm của sự kết hợp:</p>', '[721]', '2018-04-12 00:37:00', '2018-04-12 00:37:01'),
(164, '<p>Đảng Cộng sản ra đời do tác động của nhiều yếu tố, yếu tố nào sau đây không đúng?</p>', '[724]', '2018-04-12 00:37:36', '2018-04-12 00:37:36'),
(165, '<p>Hội nghị thành lập Đảng 3/2/1930 đã thông qua những vấn đề gì?</p>', '[730]', '2018-04-12 00:38:14', '2018-04-12 00:38:14'),
(166, '<p>Nội dung chủ yếu của cương lĩnh Chính trị đầu tiên của Đảng do Nguyễn Ái Quốc khởi thảo là gì?</p>', '[731]', '2018-04-12 00:38:56', '2018-04-12 00:38:56'),
(167, '<p>Điều gì chứng tỏ Cương lĩnh chính trị đầu tiên của Đảng do Nguyễn Ái Quốc khởi thảo là đúng đắn, sáng tạo, thắm đượm tính dân tộc và nhân văn?</p>', '[738]', '2018-04-12 00:39:43', '2018-04-12 00:39:43'),
(168, '<p>Tính chất của cách mạng Đông Dương lúc đầu là một cuộc cách mạng tư sản dân quyền, sau khi cách mạng tư sản dân quyền thắng lợi sẽ tiếp tục phát triển, bỏ qua thời kỳ tư bản mà tiến thẳng lên chủ nghĩa xã hội. Đó là nội dung của:</p>', '[742]', '2018-04-12 00:40:23', '2018-04-12 00:40:24'),
(169, '<p>Nhiệm vụ cốt yếu của cách mạng tư sản dân quyền ở Việt Nam là gì?</p>', '[745]', '2018-04-12 00:41:03', '2018-04-12 00:41:04'),
(175, '<p>Định nghĩa công nghệ blockchain?</p>', '[768,770]', '2018-05-06 23:01:20', '2018-05-06 23:20:53');

-- --------------------------------------------------------

--
-- Cấu trúc bảng cho bảng `question_topic`
--

CREATE TABLE `question_topic` (
  `id` int(10) UNSIGNED NOT NULL,
  `topic_id` int(10) UNSIGNED NOT NULL,
  `question_id` int(10) UNSIGNED NOT NULL,
  `created_at` timestamp NULL DEFAULT NULL,
  `updated_at` timestamp NULL DEFAULT NULL
) ENGINE=InnoDB DEFAULT CHARSET=utf8;

--
-- Đang đổ dữ liệu cho bảng `question_topic`
--

INSERT INTO `question_topic` (`id`, `topic_id`, `question_id`, `created_at`, `updated_at`) VALUES
(28, 10, 32, NULL, NULL),
(44, 5, 47, NULL, NULL),
(45, 11, 48, NULL, NULL),
(46, 10, 49, NULL, NULL),
(47, 10, 50, NULL, NULL),
(48, 6, 51, NULL, NULL),
(49, 6, 52, NULL, NULL),
(50, 6, 53, NULL, NULL),
(51, 6, 54, NULL, NULL),
(52, 6, 55, NULL, NULL),
(53, 6, 56, NULL, NULL),
(54, 6, 57, NULL, NULL),
(55, 6, 58, NULL, NULL),
(56, 6, 59, NULL, NULL),
(57, 6, 60, NULL, NULL),
(58, 7, 61, NULL, NULL),
(59, 7, 62, NULL, NULL),
(60, 7, 63, NULL, NULL),
(61, 7, 64, NULL, NULL),
(62, 7, 65, NULL, NULL),
(63, 7, 66, NULL, NULL),
(64, 7, 67, NULL, NULL),
(65, 7, 68, NULL, NULL),
(66, 7, 69, NULL, NULL),
(68, 14, 71, NULL, NULL),
(70, 14, 73, NULL, NULL),
(71, 14, 74, NULL, NULL),
(72, 14, 75, NULL, NULL),
(73, 14, 76, NULL, NULL),
(75, 14, 78, NULL, NULL),
(76, 14, 79, NULL, NULL),
(77, 14, 80, NULL, NULL),
(78, 14, 81, NULL, NULL),
(79, 15, 82, NULL, NULL),
(80, 15, 83, NULL, NULL),
(81, 15, 84, NULL, NULL),
(82, 15, 85, NULL, NULL),
(83, 15, 86, NULL, NULL),
(85, 14, 77, NULL, NULL),
(86, 9, 87, NULL, NULL),
(87, 9, 88, NULL, NULL),
(88, 9, 89, NULL, NULL),
(89, 9, 90, NULL, NULL),
(90, 9, 91, NULL, NULL),
(91, 9, 92, NULL, NULL),
(92, 9, 93, NULL, NULL),
(93, 16, 94, NULL, NULL),
(94, 16, 95, NULL, NULL),
(95, 16, 96, NULL, NULL),
(96, 16, 97, NULL, NULL),
(97, 16, 98, NULL, NULL),
(98, 16, 99, NULL, NULL),
(99, 9, 100, NULL, NULL),
(100, 16, 101, NULL, NULL),
(101, 16, 102, NULL, NULL),
(102, 8, 103, NULL, NULL),
(103, 8, 104, NULL, NULL),
(104, 8, 105, NULL, NULL),
(105, 8, 106, NULL, NULL),
(106, 8, 107, NULL, NULL),
(107, 4, 108, NULL, NULL),
(108, 4, 109, NULL, NULL),
(109, 4, 110, NULL, NULL),
(110, 4, 111, NULL, NULL),
(111, 4, 112, NULL, NULL),
(112, 4, 113, NULL, NULL),
(113, 4, 114, NULL, NULL),
(114, 4, 115, NULL, NULL),
(115, 4, 116, NULL, NULL),
(116, 4, 117, NULL, NULL),
(117, 18, 118, NULL, NULL),
(118, 18, 119, NULL, NULL),
(119, 18, 120, NULL, NULL),
(120, 18, 121, NULL, NULL),
(121, 18, 122, NULL, NULL),
(122, 18, 123, NULL, NULL),
(123, 18, 124, NULL, NULL),
(124, 18, 125, NULL, NULL),
(125, 18, 126, NULL, NULL),
(126, 18, 127, NULL, NULL),
(127, 17, 128, NULL, NULL),
(128, 17, 129, NULL, NULL),
(129, 17, 130, NULL, NULL),
(130, 17, 131, NULL, NULL),
(131, 4, 132, NULL, NULL),
(132, 17, 133, NULL, NULL),
(133, 17, 134, NULL, NULL),
(134, 17, 135, NULL, NULL),
(135, 17, 136, NULL, NULL),
(136, 17, 137, NULL, NULL),
(137, 17, 138, NULL, NULL),
(138, 5, 139, NULL, NULL),
(139, 5, 140, NULL, NULL),
(140, 5, 141, NULL, NULL),
(141, 5, 142, NULL, NULL),
(142, 5, 143, NULL, NULL),
(143, 5, 144, NULL, NULL),
(144, 5, 145, NULL, NULL),
(145, 5, 146, NULL, NULL),
(146, 5, 147, NULL, NULL),
(158, 23, 150, NULL, NULL),
(160, 23, 152, NULL, NULL),
(161, 23, 153, NULL, NULL),
(162, 23, 154, NULL, NULL),
(163, 23, 151, NULL, NULL),
(164, 20, 155, NULL, NULL),
(165, 20, 156, NULL, NULL),
(166, 20, 157, NULL, NULL),
(167, 20, 158, NULL, NULL),
(168, 20, 159, NULL, NULL),
(169, 20, 160, NULL, NULL),
(170, 20, 161, NULL, NULL),
(171, 20, 162, NULL, NULL),
(172, 20, 163, NULL, NULL),
(173, 20, 164, NULL, NULL),
(174, 20, 165, NULL, NULL),
(175, 20, 166, NULL, NULL),
(176, 20, 167, NULL, NULL),
(177, 20, 168, NULL, NULL),
(178, 20, 169, NULL, NULL),
(183, 6, 70, NULL, NULL),
(189, 25, 175, NULL, NULL);

-- --------------------------------------------------------

--
-- Cấu trúc bảng cho bảng `topics`
--

CREATE TABLE `topics` (
  `id` int(10) UNSIGNED NOT NULL,
  `name` varchar(255) NOT NULL,
  `slug` varchar(255) NOT NULL,
  `category_id` int(10) UNSIGNED DEFAULT NULL,
  `created_at` timestamp NULL DEFAULT NULL,
  `updated_at` timestamp NULL DEFAULT NULL
) ENGINE=InnoDB DEFAULT CHARSET=utf8;

--
-- Đang đổ dữ liệu cho bảng `topics`
--

INSERT INTO `topics` (`id`, `name`, `slug`, `category_id`, `created_at`, `updated_at`) VALUES
(3, 'Tập làm văn', 'tap-lam-van', 8, '2018-03-19 00:48:58', '2018-03-19 00:48:58'),
(4, 'Html', 'html', 15, '2018-03-19 00:58:43', '2018-04-07 01:30:29'),
(5, 'PHP', 'php', 15, '2018-03-19 00:59:09', '2018-03-19 01:00:19'),
(6, 'Luyện tập phần từ vừng', 'luyen-tap-phan-tu-vung', 1, '2018-03-19 17:36:10', '2018-03-19 17:36:10'),
(7, 'Luyện tập ngữ pháp', 'luyen-tap-ngu-phap', 1, '2018-03-19 17:36:27', '2018-03-19 17:36:27'),
(8, 'Phương trình bậc nhất', 'phuong-trinh-bac-nhat', 5, '2018-03-19 17:37:03', '2018-04-06 20:59:31'),
(9, 'Động lực học chất điểm', 'dong-luc-hoc-chat-diem', 3, '2018-03-19 17:37:24', '2018-04-06 19:51:59'),
(10, 'Thơ văn', 'tho-van', 8, '2018-03-21 19:58:46', '2018-03-21 19:58:46'),
(11, 'Giải phương trình bậc hai', 'giai-phuong-trinh-bac-hai', 5, '2018-03-22 00:49:17', '2018-03-22 00:49:17'),
(14, 'Câu bị động', 'cau-bi-dong', 1, '2018-03-25 23:41:44', '2018-03-25 23:41:44'),
(15, 'Câu điều kiện', 'cau-dieu-kien', 1, '2018-03-25 23:42:01', '2018-04-05 09:35:35'),
(16, 'Các định luật bảo toàn', 'cac-dinh-luat-bao-toan', 3, '2018-04-06 20:26:48', '2018-04-06 20:26:48'),
(17, 'CSS', 'css', 15, '2018-04-07 01:30:43', '2018-04-07 01:30:43'),
(18, 'Javascript', 'javascript', 15, '2018-04-07 01:31:00', '2018-04-07 01:31:00'),
(20, 'Đảng cộng sản Việt Nam ra đời', 'dang-cong-san-viet-nam-ra-doi', 18, '2018-04-11 21:41:10', '2018-04-12 00:29:37'),
(23, 'Trận chiến sông Bạch Đằng', 'tran-chien-song-bach-dang', 18, '2018-04-12 00:23:39', '2018-04-12 00:23:39'),
(24, 'Hệ phương trình bậc nhất', 'he-phuong-trinh-bac-nhat', 5, '2018-04-22 05:51:23', '2018-04-22 05:51:23'),
(25, 'Blockchain', 'blockchain', 19, '2018-05-06 08:36:13', '2018-05-06 08:36:13');

-- --------------------------------------------------------

--
-- Cấu trúc bảng cho bảng `topic_user`
--

CREATE TABLE `topic_user` (
  `id` int(10) UNSIGNED NOT NULL,
  `topic_id` int(10) UNSIGNED NOT NULL,
  `user_id` int(10) UNSIGNED NOT NULL,
  `total` int(11) UNSIGNED NOT NULL,
  `created_at` timestamp NULL DEFAULT NULL,
  `updated_at` timestamp NULL DEFAULT NULL
) ENGINE=InnoDB DEFAULT CHARSET=utf8;

--
-- Đang đổ dữ liệu cho bảng `topic_user`
--

INSERT INTO `topic_user` (`id`, `topic_id`, `user_id`, `total`, `created_at`, `updated_at`) VALUES
(2, 10, 2, 10, NULL, NULL),
(3, 10, 2, 5, NULL, NULL),
(7, 10, 10, 15, NULL, NULL),
(8, 10, 10, 5, NULL, NULL),
(9, 4, 10, 5, NULL, NULL),
(10, 11, 10, 0, NULL, NULL),
(11, 7, 15, 30, NULL, NULL),
(12, 4, 15, 50, NULL, NULL),
(13, 10, 15, 5, NULL, NULL),
(14, 10, 15, 5, NULL, NULL),
(15, 10, 15, 0, NULL, NULL),
(16, 18, 3, 40, NULL, NULL),
(17, 10, 3, 10, NULL, NULL),
(18, 10, 3, 10, NULL, NULL),
(32, 18, 10, 25, NULL, NULL),
(37, 5, 13, 35, NULL, NULL),
(39, 20, 5, 40, NULL, NULL),
(40, 14, 16, 20, NULL, NULL),
(88, 18, 14, 30, NULL, NULL),
(90, 20, 14, 30, NULL, NULL),
(91, 9, 14, 30, NULL, NULL),
(92, 20, 10, 15, NULL, NULL);

-- --------------------------------------------------------

--
-- Cấu trúc bảng cho bảng `users`
--

CREATE TABLE `users` (
  `id` int(10) UNSIGNED NOT NULL,
  `name` varchar(255) NOT NULL,
  `email` varchar(255) DEFAULT NULL,
  `password` varchar(255) DEFAULT NULL,
  `level` int(11) NOT NULL DEFAULT '0',
  `provider` varchar(255) DEFAULT NULL,
  `provider_id` varchar(255) DEFAULT NULL,
  `avatar` varchar(255) DEFAULT NULL,
  `access_token` varchar(255) DEFAULT NULL,
  `remember_token` varchar(100) DEFAULT NULL,
  `created_at` timestamp NULL DEFAULT NULL,
  `updated_at` timestamp NULL DEFAULT NULL
) ENGINE=InnoDB DEFAULT CHARSET=utf8;

--
-- Đang đổ dữ liệu cho bảng `users`
--

INSERT INTO `users` (`id`, `name`, `email`, `password`, `level`, `provider`, `provider_id`, `avatar`, `access_token`, `remember_token`, `created_at`, `updated_at`) VALUES
(2, 'Hero Gustin', 'herogustin@gmail.com', '$2y$10$lFw0BHcj45dMv5roSpOg8OzbC60fLJiOO7N4u5wL..YG9eeENq2KS', 1, '', '', '1522222566.jpg', NULL, '7cvXtJjrvy3jaFx6OeyrSF7kTlw7rTf1xXaH00DrG7SpgdfaAJoGyovqaUW2', '2018-03-16 09:50:00', '2018-03-28 00:42:16'),
(3, 'redhero', 'redhero@gmail.com', '$2y$10$yEnwN7aPkUJgG19XFpQINO8ivIYvNkT/wM5ANlENsB4VYtaSzZJK6', 1, '', '', '1522137555.jpg', NULL, 'gHB4OADqNnJaB5zlD5qY813l1UNssMDkxS5Qn8aeEXseWsxbIidIEqtDNK8e', '2018-03-16 10:03:37', '2018-03-27 00:59:16'),
(5, 'Emma', 'emma@gmail.com', '$2y$10$DYr6k3ChnA0/3.501cVlgeDYyrW.sE2ZYthe3.tGcY38yGey0ot9W', 1, '', '', '1521282076.png', NULL, '7VwRyFJGvMbV8wVGcvAqAQ5cysNOtgWjzyOCge7v23ZKYVlKjXPfrJVgFGjU', '2018-03-16 10:42:08', '2018-03-19 00:00:55'),
(10, 'Ji Ji', 'jj@gmail.com', '$2y$10$rcbB38flLrhO6A4Rfun6Uu1ZeC5hZa4zU3Hbj/VvHotFSkwNTBvDa', 0, '', '', '1522296988.gif', NULL, 'NgdkrA3LhvNrzEr8sq1Dx5IwAqdOJ8jgfQKfhEIkBUjeigNkbD2Y23hFUK00', '2018-03-27 18:35:32', '2018-04-18 21:55:46'),
(13, 'Hero Gustin', 'herogustin1986@gmail.com', '$2y$10$MtjInVqB0daHbr8GZtYAo./ouxcOT1R/1A3/l1LEKSRrQHTiFWEQO', 0, 'facebook', '197856630991177', '1522772532.jpg', 'EAASEY7vs0qMBAM5Am6hJ8ved38IzHp6a8HbiJEPSUL6gOXCg9RZCU9z5m63HThDoApdpUNDgNFtEGIOFBuBFxZBzUS1RmOAR2vH6pO2DjgD2ZC2uGqHBkjOLtP4SCZBYoSZBwNYZBALJt36cJc1zSUYPRAErj5pS0lr6ZBI1ZCPG4QZDZD', 'WlVUMhqCUO7gK7RGcIysshGMwpShVDHjGXCfu3OKszvcSNXpFfmusRtCDM0x', '2018-04-03 08:29:55', '2018-04-03 09:22:42'),
(14, 'red hero', 'frog.dbsk.cass@gmail.com', '$2y$10$7JgpLImG6XW.07JSBCx8cuFD8yR506dWzCYNyflo4w80/6xJ.83KG', 0, 'google', '113072784512334386526', '1522775354.jpg', 'ya29.GluSBRDIKS_k9PcPZKJctieIZ-77h1vLhmru_0r-RZ2dlgalyjTT9C2JNH1F2Xu5ypTgIPFGcyASY0Y_QMqoJLLtHBnMtFKFxLDgS58YIrznT6p6B09oScRTKvao', 'Sk58kUKIDWgbfY6mdTD1UvSgwauypzLnKUXwFfq6CW1fdgnvrBbgdOWynFkt', '2018-04-03 09:25:47', '2018-04-03 10:09:14'),
(15, 'Huyền Nguyễn', 'huyenbk0401@gmail.com', '', 0, 'google', '108726792839500417796', '1523791211.jpg', 'ya29.GluSBTCOZ1xMPKGvE0TJ19y9zOcNnQxxSMbRSHkM2_fw3QSwQhHegHXraMK6GMfokDqkHolZgcxeIQyGXnWoEj_eOuRMQsq9UTajC3jDyxLbiFvMFIJBnoh1ZPv3', 'jN35lizqUJgXG9nwnYT2JkbRrHMBe4zVpYcCZJumHKoY6wlgAp6viDYR8PB6', '2018-04-03 10:16:09', '2018-04-15 04:20:11'),
(16, 'Boss baby', 'boss@gmail.com', '$2y$10$lZvBCsiN7A/2CzQTA6btweYzD4rl8ObWeH1udrLPdWc.vEs2pr1pK', 0, NULL, NULL, NULL, NULL, 'ZVQaXrNSWzFhG8Lz8czH0AqX9UHXFPvR6DhrlQiu8BA3JKoZQfPC1Rm2I775', '2018-04-13 21:10:22', '2018-04-13 21:10:22'),
(21, 'Dakota', 'dakota@gmail.com', '$2y$10$xWG7h/yGUMA.yVL6l/E/tuROcA0WN.GmnPlv9V5UbdDwjD9pqfpqy', 0, NULL, NULL, '1523790066.jpg', NULL, '8oJ0SgaqDaEluCkARiYcI9NrLSMkfNxxbUavjn94iywg79VAoegZeX0sPqRo', '2018-04-15 04:00:50', '2018-04-15 04:01:06'),
(22, 'Chi Nguyen', 'chinguyen270296@gmail.com', '', 0, 'google', '103433988440606455875', '1523791095.jpg', 'ya29.GlueBWojxgPxG_Yjpg-jgjkGxcW1dg1ddLTh79me9urcAXyd_1WU6GJjh-DpUliE0-wWvvjMHZk-hAEQGxSuYjdrQ3lon1RcvVoGZPjzr6wcm1GJGlTBcDyMsvdw', '1kCBsVetjIzz0jLrcacf2AaTlS0amfhkgm0GjcTkc82rOIX8589kswPP9YNk', '2018-04-15 04:17:18', '2018-04-15 04:18:15');

--
-- Chỉ mục cho các bảng đã đổ
--

--
-- Chỉ mục cho bảng `answers`
--
ALTER TABLE `answers`
  ADD PRIMARY KEY (`id`),
  ADD KEY `answers_question_id_foreign` (`question_id`);

--
-- Chỉ mục cho bảng `categories`
--
ALTER TABLE `categories`
  ADD PRIMARY KEY (`id`),
  ADD UNIQUE KEY `categories_slug_unique` (`slug`);

--
-- Chỉ mục cho bảng `migrations`
--
ALTER TABLE `migrations`
  ADD PRIMARY KEY (`id`);

--
-- Chỉ mục cho bảng `password_resets`
--
ALTER TABLE `password_resets`
  ADD KEY `password_resets_email_index` (`email`);

--
-- Chỉ mục cho bảng `questions`
--
ALTER TABLE `questions`
  ADD PRIMARY KEY (`id`);

--
-- Chỉ mục cho bảng `question_topic`
--
ALTER TABLE `question_topic`
  ADD PRIMARY KEY (`id`),
  ADD KEY `question_topic_topic_id_foreign` (`topic_id`),
  ADD KEY `question_topic_question_id_foreign` (`question_id`);

--
-- Chỉ mục cho bảng `topics`
--
ALTER TABLE `topics`
  ADD PRIMARY KEY (`id`),
  ADD UNIQUE KEY `topics_slug_unique` (`slug`),
  ADD KEY `topics_category_id_foreign` (`category_id`);

--
-- Chỉ mục cho bảng `topic_user`
--
ALTER TABLE `topic_user`
  ADD PRIMARY KEY (`id`),
  ADD KEY `topic_user_topic_id_foreign` (`topic_id`),
  ADD KEY `topic_user_user_id_foreign` (`user_id`);

--
-- Chỉ mục cho bảng `users`
--
ALTER TABLE `users`
  ADD PRIMARY KEY (`id`),
  ADD UNIQUE KEY `users_email_unique` (`email`);

--
-- AUTO_INCREMENT cho các bảng đã đổ
--

--
-- AUTO_INCREMENT cho bảng `answers`
--
ALTER TABLE `answers`
  MODIFY `id` int(10) UNSIGNED NOT NULL AUTO_INCREMENT, AUTO_INCREMENT=771;

--
-- AUTO_INCREMENT cho bảng `categories`
--
ALTER TABLE `categories`
  MODIFY `id` int(10) UNSIGNED NOT NULL AUTO_INCREMENT, AUTO_INCREMENT=20;

--
-- AUTO_INCREMENT cho bảng `migrations`
--
ALTER TABLE `migrations`
  MODIFY `id` int(10) UNSIGNED NOT NULL AUTO_INCREMENT, AUTO_INCREMENT=24;

--
-- AUTO_INCREMENT cho bảng `questions`
--
ALTER TABLE `questions`
  MODIFY `id` int(10) UNSIGNED NOT NULL AUTO_INCREMENT, AUTO_INCREMENT=176;

--
-- AUTO_INCREMENT cho bảng `question_topic`
--
ALTER TABLE `question_topic`
  MODIFY `id` int(10) UNSIGNED NOT NULL AUTO_INCREMENT, AUTO_INCREMENT=190;

--
-- AUTO_INCREMENT cho bảng `topics`
--
ALTER TABLE `topics`
  MODIFY `id` int(10) UNSIGNED NOT NULL AUTO_INCREMENT, AUTO_INCREMENT=26;

--
-- AUTO_INCREMENT cho bảng `topic_user`
--
ALTER TABLE `topic_user`
  MODIFY `id` int(10) UNSIGNED NOT NULL AUTO_INCREMENT, AUTO_INCREMENT=93;

--
-- AUTO_INCREMENT cho bảng `users`
--
ALTER TABLE `users`
  MODIFY `id` int(10) UNSIGNED NOT NULL AUTO_INCREMENT, AUTO_INCREMENT=23;

--
-- Các ràng buộc cho các bảng đã đổ
--

--
-- Các ràng buộc cho bảng `answers`
--
ALTER TABLE `answers`
  ADD CONSTRAINT `answers_question_id_foreign` FOREIGN KEY (`question_id`) REFERENCES `questions` (`id`) ON DELETE CASCADE;

--
-- Các ràng buộc cho bảng `question_topic`
--
ALTER TABLE `question_topic`
  ADD CONSTRAINT `question_topic_question_id_foreign` FOREIGN KEY (`question_id`) REFERENCES `questions` (`id`),
  ADD CONSTRAINT `question_topic_topic_id_foreign` FOREIGN KEY (`topic_id`) REFERENCES `topics` (`id`);

--
-- Các ràng buộc cho bảng `topics`
--
ALTER TABLE `topics`
  ADD CONSTRAINT `topics_category_id_foreign` FOREIGN KEY (`category_id`) REFERENCES `categories` (`id`) ON DELETE SET NULL;

--
-- Các ràng buộc cho bảng `topic_user`
--
ALTER TABLE `topic_user`
  ADD CONSTRAINT `topic_user_topic_id_foreign` FOREIGN KEY (`topic_id`) REFERENCES `topics` (`id`),
  ADD CONSTRAINT `topic_user_user_id_foreign` FOREIGN KEY (`user_id`) REFERENCES `users` (`id`);
COMMIT;

/*!40101 SET CHARACTER_SET_CLIENT=@OLD_CHARACTER_SET_CLIENT */;
/*!40101 SET CHARACTER_SET_RESULTS=@OLD_CHARACTER_SET_RESULTS */;
/*!40101 SET COLLATION_CONNECTION=@OLD_COLLATION_CONNECTION */;
